interpreter,2021-05-01,2021-05-02,2021-05-03,2021-05-04,2021-05-05,2021-05-06,2021-05-07,2021-05-08,2021-05-09,2021-05-10,2021-05-11,2021-05-12,2021-05-13,2021-05-14,2021-05-15,2021-05-16,2021-05-17,2021-05-18,2021-05-19,2021-05-20,2021-05-21,2021-05-22,2021-05-23,2021-05-24,2021-05-25,2021-05-26
!Deladap & Yola B.,0,0,0,0,0,0,0,0,0,0,0,0,0,0,1,0,0,0,0,0,0,0,0,0,0,0
'N SYNC,0,0,0,0,0,0,0,0,0,0,0,0,0,0,0,0,0,0,0,0,0,0,0,1,0,0
2 Pac feat. Dr. Dre,0,0,0,0,0,0,0,0,0,0,0,0,0,0,0,0,0,0,0,0,0,0,0,1,0,0
24kGoldn feat. Iann Dior,2,1,1,3,1,1,1,1,2,1,2,1,0,2,1,1,1,2,0,1,1,2,1,0,2,2
3 Doors Down,0,0,0,0,0,0,0,0,1,0,0,0,0,0,0,0,0,2,0,0,0,0,0,0,0,0
4 Non Blondes,0,0,1,0,0,0,0,0,0,0,0,0,1,0,0,0,0,0,0,0,0,1,0,1,0,0
5 Seconds of Summer,1,0,1,0,0,0,1,0,0,1,1,1,1,1,1,2,0,1,0,0,1,0,0,0,0,0
A Day To Remember,0,0,0,0,0,0,0,0,0,1,0,0,0,0,0,0,0,0,0,0,0,0,0,0,0,0
A Fine Frenzy,0,0,1,0,0,0,0,0,0,0,0,0,0,1,0,0,0,0,0,0,0,0,0,0,0,0
A Great Big World feat. Christina Aguilera,0,0,0,0,1,0,0,0,0,0,0,0,0,0,0,0,0,0,0,1,0,0,0,0,0,0
A Tribe Called Quest,1,0,0,0,0,0,0,0,0,0,0,0,0,0,0,0,0,0,0,0,0,0,0,0,0,0
ABBA,0,1,0,0,0,0,1,0,1,0,0,0,0,0,0,0,1,0,0,0,0,1,0,0,0,1
AC/DC,1,0,1,2,2,1,0,1,1,0,0,1,3,0,0,0,3,0,0,1,1,0,0,0,2,0
ATB feat. Topic & A7S,3,2,3,4,3,2,4,3,2,3,5,3,0,3,2,3,2,4,3,3,3,2,3,2,4,2
Ace of Base,0,0,0,0,0,0,0,0,0,0,0,0,0,0,0,0,0,0,0,1,0,0,0,2,0,0
Adam Bü feat. Moodygee x Paenda,1,0,0,0,0,0,0,0,0,0,0,1,0,0,0,0,0,0,0,0,0,0,1,0,0,0
Adam Lambert,0,0,0,0,0,0,1,1,0,0,1,0,1,1,0,0,1,0,0,0,0,0,0,2,0,0
Adel Tawil,0,0,0,0,0,0,1,0,0,0,0,0,0,0,0,0,0,0,0,0,0,0,0,0,0,0
Adele,0,1,3,1,0,0,1,1,1,0,0,0,2,1,0,0,1,0,2,1,1,0,2,0,1,1
Aerosmith,1,0,0,3,0,0,0,0,0,2,0,0,2,0,0,1,1,1,0,0,1,0,1,2,1,1
Alan Walker,0,0,0,2,1,0,1,0,0,0,0,1,0,0,1,0,0,0,2,1,0,1,0,0,1,0
Alanis Morissette,1,0,0,1,0,0,0,0,1,1,0,1,1,0,0,0,0,1,1,0,0,0,0,1,2,0
Alannah Myles,0,0,1,0,0,0,0,0,0,0,0,0,1,0,0,0,0,0,0,0,0,0,0,1,0,0
Alex Max Band,0,0,0,0,0,1,0,1,0,0,1,1,0,0,0,0,0,1,1,0,0,0,0,0,1,0
Alexander  Rybak,0,0,0,0,0,0,0,0,0,0,0,0,0,0,0,0,0,0,0,0,1,1,0,0,0,0
Alf Poier,0,0,0,0,0,0,0,0,0,0,0,0,0,0,0,0,0,0,0,0,1,1,0,0,0,0
Alice Cooper,1,0,0,0,0,0,0,0,0,0,0,0,1,0,0,0,1,1,0,0,0,0,1,0,0,0
Alicia Keys,0,0,2,1,1,1,0,0,1,1,0,0,0,0,1,0,1,0,0,1,0,1,0,0,0,0
Alle Achtung,1,2,1,1,3,1,2,0,1,1,1,1,0,3,3,2,2,0,1,2,1,1,2,0,3,1
Alle Farben,1,0,1,0,0,1,0,1,0,0,0,2,0,0,1,0,0,0,1,0,0,1,1,0,0,0
Alle Farben & Ilira,0,0,0,1,0,0,0,0,1,0,0,0,1,1,0,0,1,0,1,0,0,0,1,0,0,0
Aloe Blacc,0,0,0,0,0,0,0,0,0,0,0,0,0,0,0,0,0,0,1,0,0,0,0,0,0,0
Alphaville,1,0,0,0,0,0,0,0,0,0,0,0,0,0,0,0,0,0,0,0,0,0,0,0,0,0
Alvaro Soler,2,1,1,3,2,2,3,3,2,3,3,1,2,3,6,2,4,2,5,2,5,4,2,3,3,5
Amanda Marshall,0,0,1,0,0,0,0,0,1,0,0,0,0,0,0,0,0,0,0,0,0,0,0,0,0,0
American Authors,0,0,0,1,0,0,0,0,0,0,0,0,0,0,0,0,0,1,0,0,0,0,0,0,0,0
Amy MacDonald,1,0,1,0,0,0,0,0,0,0,0,1,0,0,0,0,0,0,1,0,0,0,0,0,0,0
Amy Wald,0,1,0,0,0,0,1,0,0,1,0,1,0,0,0,0,0,0,0,0,1,0,1,0,0,0
Amy Winehouse,0,0,0,0,0,1,0,0,0,0,0,0,0,0,0,0,1,0,0,0,0,0,0,0,0,0
AnJosef & welovestockholm,0,0,0,0,0,0,0,0,0,0,0,0,0,0,0,0,0,0,0,0,0,0,0,1,0,0
Anastacia,0,0,0,0,3,1,0,0,0,0,1,1,3,0,0,0,0,0,0,0,0,0,0,1,0,2
Andreas Bourani,0,0,1,0,0,0,0,0,0,2,0,0,0,0,0,0,0,0,0,0,2,0,0,0,0,1
André Heller,0,0,0,0,0,0,0,0,0,0,0,0,0,0,0,0,0,0,0,1,0,0,0,0,0,0
André Heller / Wolfgang Ambros,0,0,0,0,0,0,0,0,0,0,0,1,0,0,0,0,0,0,0,0,0,0,1,0,0,0
Andy Baum,0,0,0,0,1,1,0,0,1,0,0,1,0,0,0,1,1,0,0,0,0,0,1,1,0,1
Anna F.,0,0,0,1,0,0,0,0,0,0,0,0,0,0,0,0,0,0,0,0,0,0,0,0,0,0
Anna Naklab feat. Alle Farben & Younotus,0,1,0,0,0,0,0,1,0,0,1,0,0,0,0,0,0,0,0,1,0,0,0,0,0,2
Anna-Sophie,4,3,1,2,2,3,1,2,2,3,2,2,2,3,3,2,2,2,3,3,3,1,3,2,4,2
Anne-Marie,0,1,0,0,0,0,0,0,0,0,0,0,0,0,0,0,2,0,0,0,0,0,0,0,0,0
Aqua,0,0,0,0,0,0,0,0,0,0,0,0,0,0,0,0,0,0,0,0,0,0,0,1,0,0
Ariana Grande,0,0,0,0,0,0,0,0,0,0,0,0,0,0,0,0,0,0,0,0,0,0,0,0,0,1
Armin van Buuren feat. Trevor Guthrie,0,0,0,0,0,0,0,0,0,0,0,0,0,0,0,1,0,0,0,0,0,0,0,0,0,0
Aron Matthews feat. Môntan,0,0,0,0,1,0,0,0,0,0,0,1,0,0,0,0,0,0,0,0,0,0,0,0,0,1
Asaf Avidan,0,0,0,0,0,0,0,0,0,1,0,0,0,0,0,0,0,0,0,0,0,0,0,0,0,0
Asia,0,0,0,0,0,0,0,0,0,0,0,1,0,0,0,0,0,0,0,0,0,0,0,0,0,0
Aura Dione,0,0,0,0,0,1,0,0,1,0,0,0,0,0,2,0,0,0,0,0,0,1,1,0,0,0
Aura Dione / Rock Mafia,0,0,0,0,0,1,0,0,0,0,0,0,0,0,0,0,0,1,0,0,0,0,0,0,0,0
Ausseer Hardbradler,0,1,0,1,0,0,0,0,0,0,0,1,0,0,0,0,0,1,0,0,0,1,0,0,0,0
Austria 3,0,0,1,0,1,1,0,0,0,1,0,0,1,0,0,2,0,1,0,1,0,0,0,0,1,1
Austria für Afrika,0,0,0,0,0,0,0,0,0,0,0,0,0,0,0,0,0,1,0,0,0,0,0,0,0,0
Ava Max,5,3,5,4,4,3,5,5,3,4,5,4,2,5,4,3,6,3,5,5,4,3,4,2,4,4
Avec,1,1,3,1,1,2,1,0,2,2,1,2,1,1,2,1,0,2,2,1,1,2,0,2,4,3
Avicii,1,1,4,2,0,0,1,1,4,1,3,0,0,1,4,2,0,3,0,2,1,2,1,3,2,0
Avicii feat. Sandro Cavazza,0,0,0,1,0,0,1,0,0,1,0,0,0,1,0,0,0,1,0,1,0,0,0,0,0,1
Avicii vs. Conrad Sewell,0,0,0,0,0,0,0,0,0,0,1,0,0,0,0,0,0,0,0,0,0,0,0,0,0,0
Avril Lavigne,0,0,1,0,0,0,1,2,0,0,1,3,3,0,1,0,2,0,0,1,0,0,1,2,2,2
Avril Lavigne / Chad Kroeger,0,0,0,1,0,0,2,0,0,0,0,0,0,0,0,0,0,1,0,1,0,0,0,0,0,1
Axel Wolph,1,1,1,0,0,0,0,0,0,0,0,1,0,0,0,0,0,0,0,1,0,0,0,0,0,0
Axwell & Ingrosso,1,1,0,0,1,0,0,2,0,0,0,0,1,0,2,0,0,1,0,1,0,1,0,0,0,1
Axwell & Ingrosso feat. Trevor Guthrie,0,0,0,0,0,0,0,1,0,0,0,0,0,0,1,0,0,0,0,0,0,0,0,0,0,0
B-OK feat. Roxie & Kristian Kostov,0,0,0,0,0,0,0,0,0,0,0,0,1,0,0,0,0,0,0,1,0,0,0,0,0,0
B.B. King,0,0,0,0,0,0,0,0,0,0,0,0,0,0,0,1,0,0,0,0,0,0,0,0,0,0
Bachman Turner Overdrive,0,0,0,0,0,0,0,0,0,0,0,0,1,0,0,0,0,0,0,0,0,0,0,0,0,0
Backstreet Boys,0,0,1,0,1,0,0,0,0,0,0,0,0,0,0,0,0,0,0,0,1,0,0,3,1,0
Baha Men,0,0,0,0,0,0,0,0,0,1,0,0,0,0,0,0,0,0,0,0,0,0,0,0,0,0
Bastille,1,1,1,1,0,1,1,2,0,0,1,1,0,0,1,1,2,1,0,1,0,1,0,0,0,2
Beastie Boys,0,0,0,0,0,0,0,0,0,0,0,0,0,0,0,0,0,0,0,0,0,1,0,0,0,0
Beau,0,0,0,0,0,0,0,0,0,0,0,0,0,0,1,0,0,0,0,0,0,0,0,0,0,0
Bee Gees,0,0,0,0,0,0,0,0,1,0,0,0,0,0,0,0,0,0,0,0,0,0,1,0,0,0
Belinda Carlisle,0,0,2,0,2,0,0,0,0,1,0,0,3,0,0,0,0,0,0,1,0,1,0,0,2,0
Bell Book & Candle,0,0,0,0,1,0,0,0,0,0,0,0,0,0,0,0,0,0,0,0,0,0,0,0,0,0
Benedict Cork,0,0,0,0,0,0,0,0,0,0,0,0,0,0,0,0,1,0,0,0,0,0,0,0,0,0
Berlin,0,0,0,0,0,0,1,0,0,0,0,1,0,0,0,0,0,0,0,0,0,0,0,1,0,0
Beyoncé,0,2,0,0,0,0,0,0,0,0,1,0,0,0,1,0,0,0,0,0,0,0,1,0,0,0
Bilderbuch,1,3,2,2,2,3,2,3,2,1,2,1,1,1,2,1,0,2,1,2,1,3,2,1,1,1
Bilgeri,0,0,0,0,0,1,0,0,0,0,0,0,0,0,0,0,0,0,0,0,0,0,0,0,0,1
Bill Medley / Jennifer Warnes,0,0,0,1,0,0,0,0,0,0,0,0,0,0,0,0,0,1,0,0,0,0,0,0,0,0
Billie Eilish,0,0,1,0,0,0,0,0,1,0,1,0,0,0,0,0,1,1,0,0,0,0,0,0,1,0
Billy Idol,0,1,0,0,0,0,0,0,0,0,0,0,2,0,0,0,0,0,0,0,0,0,0,0,0,0
Billy Joel,0,0,1,0,1,1,0,0,1,0,2,0,0,1,0,1,0,0,0,0,0,0,0,0,1,0
Billy Ocean,0,0,0,0,0,0,0,0,0,0,0,0,0,0,0,0,0,0,0,0,0,0,0,0,1,0
Billy Ray Cyrus,0,0,0,0,0,0,0,0,0,1,0,0,0,0,0,0,0,0,0,0,0,0,0,0,0,0
Bingoboys,0,0,0,0,0,0,0,0,0,0,1,0,0,0,0,0,0,0,0,0,0,0,0,0,0,0
Bingoboys feat. Princessa,0,0,0,1,0,0,0,0,0,0,0,0,0,0,0,0,0,0,0,0,0,0,0,1,0,0
Birdy,0,0,0,0,0,0,0,0,0,0,0,0,0,0,0,0,0,0,1,0,0,0,0,0,0,0
Black Sabbath,0,0,0,0,0,0,0,0,0,0,0,0,1,0,0,0,0,0,0,0,0,0,0,0,0,0
Blanche,0,0,0,0,0,0,0,0,0,0,0,0,0,0,0,0,0,0,0,0,0,1,0,0,0,0
Blink 182,0,0,0,0,2,0,0,0,0,0,0,0,2,0,0,0,0,0,1,0,1,0,1,0,2,0
Blondie,0,0,1,0,0,0,0,0,0,0,0,0,4,0,1,0,0,0,0,0,1,0,0,0,0,0
Bloodhound Gang,0,0,1,0,0,0,0,0,0,0,2,0,0,1,0,0,0,0,1,0,0,0,0,1,0,0
Blur,0,0,0,0,0,0,0,0,0,0,0,0,0,0,0,0,0,0,0,0,0,0,0,0,0,1
Bob Dylan,0,0,0,0,0,0,0,0,0,0,0,0,0,0,0,1,0,0,0,0,0,0,8,1,0,0
Bob Marley & the Wailers,0,0,0,0,0,0,0,0,1,0,0,0,0,0,0,1,0,0,0,0,0,0,0,1,0,0
Bob Seger & the Silver Bullet Band,0,0,0,0,0,0,0,0,1,0,0,0,0,0,0,0,0,0,0,0,0,0,0,0,0,0
Bobby McFerrin,0,0,0,0,0,0,0,0,0,0,0,0,0,0,0,0,0,0,0,0,0,0,0,0,0,1
Bon Jovi,2,1,3,3,2,2,0,2,2,1,1,1,4,2,0,0,1,3,1,1,4,3,0,5,3,1
Bonnie Tyler,0,0,1,1,0,0,0,0,0,0,0,0,1,1,0,0,0,0,1,0,0,0,1,0,0,0
Boris Bukowski,0,0,1,0,0,0,0,0,0,0,1,0,0,0,0,0,0,1,0,0,0,0,0,0,0,0
Boston,0,0,0,0,0,0,0,0,0,0,0,0,1,0,0,0,0,0,0,0,0,0,0,0,0,0
Boyz II Men,0,0,0,0,0,0,0,0,1,0,0,0,0,0,0,0,0,0,0,0,0,0,0,0,0,0
Britney Spears,0,0,1,0,1,0,0,0,0,0,0,0,0,1,0,0,0,0,0,0,0,0,0,1,0,0
Brotherhood of Man,0,0,0,0,0,0,0,0,0,0,0,0,0,0,0,0,0,0,0,0,1,1,0,0,0,0
Bruce Hornsby,0,0,0,0,0,0,0,0,0,0,1,0,0,0,0,0,0,0,0,0,0,0,0,0,0,0
Bruce Springsteen,0,3,1,2,2,1,1,0,0,2,1,0,1,1,1,1,0,2,2,0,0,0,1,1,0,1
Bruno Mars,2,1,0,1,1,1,0,2,1,2,3,0,0,1,1,2,0,2,2,0,1,1,1,1,1,1
"Bruno Mars feat. Anderson .Paak, Silk Sonic",0,0,0,0,0,0,0,0,0,0,0,0,0,0,0,0,1,1,0,0,0,0,0,0,0,0
Bryan Adams,0,0,3,3,0,0,0,0,0,3,0,0,2,0,0,0,1,0,2,1,1,2,2,2,1,0
Bryan Adams / Melanie C,0,0,0,0,0,2,0,0,0,0,0,0,0,1,0,0,0,0,0,0,0,0,0,0,0,2
Bryan Adams / Rod Stewart / Sting,0,0,0,0,0,0,0,1,0,0,0,0,0,1,0,0,0,0,0,2,0,0,1,0,0,0
Bryan Ferry,0,0,0,0,0,0,0,0,0,0,0,0,0,0,0,0,0,0,0,0,0,0,1,0,0,0
Bucks Fizz,0,0,0,0,0,0,0,0,0,0,0,0,0,0,0,0,0,0,0,0,0,1,0,0,0,0
Buranovskije Babushki,0,0,0,0,0,0,0,0,0,0,0,0,1,0,0,0,0,0,0,0,1,0,0,0,0,0
Caesars,0,0,0,0,0,0,0,0,0,0,0,0,0,1,0,0,0,0,0,0,0,0,0,0,0,0
Calvin Harris,0,0,0,0,0,0,0,0,0,0,1,0,0,0,0,0,0,0,0,0,0,0,0,0,1,0
Calvin Harris / Ellie Goulding,0,0,0,0,0,0,0,0,0,0,0,0,0,0,0,0,0,0,1,0,0,0,0,0,0,0
Calvin Harris feat. Ellie Goulding,1,0,0,1,0,2,0,1,0,1,1,0,0,0,1,0,0,1,0,0,0,0,0,0,0,0
Calvin Harris feat. Rag'n'Bone Man,0,0,0,0,0,0,0,0,0,0,0,0,0,0,0,0,0,0,0,0,0,0,0,0,0,1
Carly Rae Jepsen,1,0,0,2,0,0,0,2,0,0,1,1,0,1,0,1,2,0,0,0,0,2,0,0,0,1
Carly Simon,0,0,0,0,0,0,0,0,0,0,0,0,0,0,0,0,0,0,0,0,0,0,1,0,0,0
Carole King,0,1,0,0,0,0,0,0,0,0,0,0,0,0,0,0,0,0,0,0,0,0,0,0,0,0
Celine Dion,0,0,0,0,0,0,1,0,0,0,1,0,0,0,0,0,0,0,0,0,0,1,0,0,0,0
Cesár Sampson,1,1,1,1,1,0,0,2,0,1,0,1,0,0,1,2,2,1,1,1,0,2,1,1,0,2
Chad Kroeger / Josey Scott,0,1,0,0,0,0,0,0,0,0,0,0,0,0,0,0,0,0,0,0,0,1,0,0,0,0
Charlie Puth,0,1,1,0,0,0,0,0,0,0,1,0,0,1,0,0,0,0,0,0,0,0,0,0,0,0
Charlie Puth feat Meghan Trainor,0,0,0,1,0,1,0,1,0,2,0,0,0,1,1,0,0,1,0,2,0,1,0,1,1,0
Cheap Trick,0,0,0,0,0,0,0,0,0,0,0,0,1,0,0,0,0,0,0,1,0,0,0,0,0,0
Cher,0,1,0,0,0,1,0,0,0,0,0,0,1,0,0,1,0,0,0,1,0,0,0,1,0,0
Chesney Hawkes,0,0,1,0,0,0,0,0,0,0,0,1,0,0,0,1,0,0,0,0,0,1,0,0,0,1
Chicago,0,0,0,0,0,0,0,0,0,0,0,0,0,0,0,0,1,0,0,0,0,0,0,0,0,0
Chiny Logan,0,0,0,0,0,0,1,0,0,0,0,0,0,0,0,0,0,0,0,0,0,0,0,0,0,0
Chris Steger,3,2,3,1,3,2,3,2,2,3,3,3,2,1,3,2,4,4,3,5,2,4,3,3,3,4
Christina Aguilera,0,0,1,0,0,0,0,0,0,0,0,0,0,0,0,0,0,1,0,0,0,0,0,2,0,0
Christina Perri,0,0,0,1,0,0,0,0,0,0,0,0,0,0,0,0,0,1,0,0,0,0,0,0,0,0
Christina Stürmer,0,1,1,1,2,0,1,0,0,0,1,1,1,0,0,0,1,1,1,2,0,0,1,1,0,1
Christopher Cross,0,1,0,0,0,0,0,0,0,0,0,0,0,0,0,0,0,0,0,0,0,0,0,0,0,0
Chumbawamba,0,0,0,0,0,0,0,1,0,0,0,0,0,0,0,1,0,1,0,0,0,1,0,1,0,0
Cliff Richard,0,0,0,0,0,0,0,0,0,0,0,0,0,0,0,0,0,0,0,0,0,2,1,0,0,0
Club 27,0,0,0,0,0,0,0,0,0,0,0,0,0,0,0,0,0,0,0,0,1,0,0,0,0,0
Cock Robin,0,0,0,0,0,0,0,0,0,0,1,0,0,0,0,0,0,0,0,0,0,0,0,0,0,0
Coffeeshock Company,0,0,0,0,0,0,0,0,0,0,0,0,0,0,0,0,0,0,0,0,1,0,0,0,0,0
Coldplay,0,3,0,2,2,0,2,2,2,3,1,3,2,3,1,2,4,3,1,1,1,2,1,0,1,2
Conchita Wurst,0,0,0,0,0,0,0,0,0,0,1,0,0,1,0,0,1,1,1,0,0,1,1,0,0,0
Conny Froboess,0,0,0,0,0,0,0,0,0,0,0,0,0,0,0,0,0,0,0,0,0,1,0,0,0,0
Coolio feat. L.V.,0,0,0,0,0,0,0,0,0,0,0,0,0,0,0,0,0,0,0,0,0,0,0,1,0,0
Corey Hart,0,0,0,0,1,0,0,0,0,0,0,0,0,1,0,0,0,0,0,0,1,0,0,1,0,0
Coshiva,0,0,0,0,0,0,1,0,0,0,0,0,0,0,1,0,0,0,1,0,0,0,0,0,1,0
Count Basic,0,0,0,0,0,0,0,0,0,0,0,1,0,0,0,0,0,0,0,0,0,0,0,0,0,1
Counting Crows,0,0,0,0,0,0,0,0,0,0,0,0,1,0,0,0,0,0,0,0,1,0,0,0,0,0
Crazy Town,0,0,0,0,0,0,0,0,0,0,0,0,0,0,0,0,0,0,0,0,0,0,0,1,0,0
Creed,0,0,0,0,0,0,0,0,0,0,0,0,0,0,0,0,0,0,1,0,0,0,0,0,0,0
Creedence Clearwater Revival,0,0,0,0,0,0,0,0,1,0,0,0,0,0,0,0,0,0,0,0,0,0,0,0,0,0
Cro,2,0,0,0,1,0,0,0,0,0,0,2,0,0,1,0,0,1,0,1,0,1,0,0,0,0
Cro & Capital Bra,0,0,0,0,0,0,0,0,0,0,1,0,0,0,0,0,0,0,0,0,0,0,0,0,0,0
Crowded House,0,0,0,2,1,0,0,0,0,0,1,0,0,0,2,0,1,0,0,0,0,0,0,0,0,0
Culture Beat,0,0,0,0,0,0,0,0,0,0,0,0,0,0,0,0,0,0,0,0,0,0,0,1,0,0
Cutting Crew,0,0,1,0,0,0,0,0,0,1,0,0,0,0,0,0,1,0,0,0,0,0,0,0,0,0
Cyndi Lauper,0,0,0,1,0,0,0,0,2,0,0,0,0,0,1,0,1,0,0,1,0,0,3,0,0,1
DAWA,0,0,0,0,0,0,0,0,0,0,0,0,0,0,0,0,0,0,0,1,0,0,0,0,0,0
DJ Antoine / The Beat Shakers,1,0,0,0,1,0,0,2,0,0,0,0,0,1,0,2,0,0,0,1,0,0,0,0,0,2
DJ Antoine vs. Timati feat. Kalenna,0,0,0,0,0,0,0,0,0,1,0,0,0,0,0,0,0,0,0,0,0,0,0,0,1,0
DJ Bobo,0,0,0,0,0,0,0,0,0,0,0,0,0,1,0,0,0,0,0,0,0,0,0,2,0,0
Daddy Yankee feat. Snow,0,1,0,1,0,0,0,0,0,0,0,0,0,0,1,0,0,1,0,0,0,0,0,0,0,0
Dadi Freyr & Gagnamagnid,0,0,0,0,0,0,0,0,0,0,0,0,0,0,0,0,0,0,0,0,1,1,0,0,0,0
Daft Punk,1,0,0,0,0,0,0,0,0,0,0,0,0,0,0,0,0,0,0,0,0,0,0,0,0,0
Daft Punk / Pharrell Williams,0,1,0,0,0,0,0,0,0,0,0,0,0,0,0,0,0,0,0,0,0,0,0,0,0,0
Dame,1,0,0,0,0,0,0,0,0,0,0,0,0,0,0,0,0,0,0,0,0,0,0,0,0,0
Dame feat. Onk Lou,0,0,0,0,0,1,0,0,0,0,0,0,0,0,0,0,0,0,0,0,0,0,0,0,0,0
Damien Rice & Lisa Hannigan,0,0,0,0,0,0,0,0,0,0,0,0,0,0,0,0,1,0,0,0,0,0,0,0,0,0
Daniel Fink,0,0,0,0,0,0,0,0,0,0,0,0,0,0,0,0,0,0,0,1,0,0,0,0,0,0
Daniel Powter,0,0,0,0,0,0,0,0,0,1,0,0,0,0,0,0,0,0,0,0,0,0,0,0,0,0
Darius & Finlay & Adam Bü feat. Max Landry,0,0,0,0,0,1,0,0,0,0,0,0,0,0,0,0,0,0,0,1,0,0,0,0,0,1
Darius & Finlay X Last Night feat. Max Landry,0,1,0,0,1,0,0,1,0,1,0,0,0,0,0,0,0,1,1,0,1,0,1,0,0,0
Darius & Finlay feat. Rusty,0,0,0,0,0,0,1,0,1,0,0,0,0,0,0,0,0,0,0,1,0,1,0,0,0,0
Daughtry,0,0,0,0,0,0,0,0,0,0,0,1,0,0,0,0,0,0,0,0,0,0,0,0,0,0
Dave McKendry,0,1,0,0,0,0,0,0,1,0,0,0,0,0,0,0,0,0,0,0,0,0,0,0,0,0
David Bowie,0,1,0,0,0,0,0,0,0,1,0,0,2,0,0,0,0,0,0,0,0,0,0,1,0,0
David Byrne & Brian Eno,0,0,1,0,0,0,0,0,0,0,0,0,0,0,0,0,0,0,0,0,0,0,0,0,0,0
David Cassidy,0,1,0,0,0,0,0,0,0,0,0,0,0,0,0,0,0,0,0,0,0,0,0,0,0,0
David Guetta & Sia,3,3,1,2,1,2,3,2,2,3,2,2,0,3,2,3,1,2,1,0,3,2,2,1,2,1
David Guetta / Sia,0,0,1,0,1,0,0,0,1,0,0,0,0,0,0,0,1,0,0,0,0,0,2,0,0,1
David Guetta / Usher,0,0,0,0,0,0,0,0,1,0,0,0,0,0,0,0,0,0,0,0,0,0,0,0,0,0
David Guetta feat. Bebe Rexha & J Balvin,0,0,0,0,0,0,0,0,0,0,0,0,0,0,0,0,0,0,0,0,0,0,0,0,1,0
David Guetta feat. Justin Bieber,0,0,0,0,0,0,0,0,0,0,0,0,0,0,0,0,1,0,0,0,0,0,0,0,0,0
David Guetta feat. Kelly Rowland,0,0,0,0,0,0,0,0,0,0,0,1,0,0,0,0,0,0,1,0,0,0,0,0,0,0
David Guetta feat. Sam Martin,0,0,1,1,1,1,1,0,0,0,0,1,0,1,0,0,0,1,0,2,0,0,1,0,0,0
David Hasselhoff,0,0,0,0,0,0,0,0,0,0,0,0,0,1,0,0,0,0,0,0,0,0,0,0,0,0
Dean Lewis,0,1,0,1,0,0,0,1,0,1,0,0,0,1,0,1,0,0,0,0,0,0,0,0,0,0
Decco X Alex Clare,0,0,0,0,0,0,0,1,0,0,0,0,0,0,0,0,0,0,0,0,1,0,0,0,0,0
Declan J Donovan,0,0,0,0,0,0,0,0,0,0,0,0,0,0,1,0,0,0,0,0,0,0,0,0,0,0
Deejay Goldfinger,0,0,0,0,0,0,0,0,0,0,0,0,0,0,1,0,0,0,0,0,0,0,0,0,0,0
Deep Blue Something,0,0,0,0,1,0,0,0,0,0,1,0,0,0,1,0,0,0,0,1,0,0,0,1,0,0
Deep Purple,0,0,0,0,0,0,0,0,0,0,0,0,1,0,0,0,0,0,0,0,0,0,0,0,0,0
Dennis Lloyd,1,0,0,0,0,0,0,0,0,0,1,0,0,0,0,0,1,0,0,0,0,0,1,0,1,0
Depeche Mode,1,0,1,1,0,0,0,1,1,0,0,1,2,0,0,0,0,0,1,0,0,0,1,1,0,0
Derek & the Dominos,0,0,0,0,0,0,0,0,0,0,0,0,1,0,0,0,0,0,0,0,0,0,0,0,0,0
Dermot Kennedy,0,0,0,1,1,0,0,1,0,0,0,0,0,1,1,0,0,2,0,0,0,1,0,0,1,0
Destiny,0,0,0,0,0,0,0,0,0,0,0,0,0,0,0,0,0,0,0,0,0,1,0,0,0,0
Dexys Midnight Runners,0,0,1,0,0,0,1,0,0,0,0,0,0,1,0,0,0,0,0,1,1,0,0,0,0,0
Dido,0,0,2,0,1,0,0,0,0,0,1,0,0,0,0,0,0,1,0,0,0,0,0,0,0,0
Die Fantastischen Vier,0,0,0,0,0,0,0,0,0,0,0,0,0,0,0,0,0,0,0,0,0,0,0,2,0,0
Die Fantastischen Vier feat. Clueso,0,0,0,0,0,0,0,0,0,0,0,0,0,0,0,0,0,0,1,0,0,0,0,0,0,0
Die Schröders,0,0,0,0,0,0,0,0,0,0,0,0,0,0,0,0,0,0,0,0,0,0,0,1,0,0
Die Toten Hosen,0,0,0,0,1,0,0,0,0,1,0,0,0,0,0,0,0,0,0,0,1,0,0,0,1,0
Die Ärzte,0,0,0,0,0,0,0,0,0,1,1,0,0,0,0,0,1,0,0,0,0,1,0,1,0,0
Dire Straits,0,0,1,0,0,0,0,0,0,0,0,0,1,0,0,0,0,1,0,0,0,0,0,0,0,0
Disturbed,0,0,0,0,0,0,0,1,0,0,0,0,0,0,0,0,0,0,0,0,0,0,1,0,0,0
Doja Cat feat. SZA,0,0,0,1,0,0,0,0,0,0,1,0,0,0,0,0,0,1,2,0,1,0,1,0,1,1
Dolly Parton,0,1,0,0,0,0,0,0,0,0,0,0,0,0,0,0,0,0,0,0,0,0,0,0,0,0
Domenico Modugno,0,0,0,0,0,0,0,0,0,0,0,0,0,0,0,0,0,0,0,0,0,1,0,0,0,0
Don Henley,0,0,0,0,0,0,0,0,0,0,0,0,1,0,0,0,2,0,0,0,1,0,0,0,1,0
Donna Lewis,0,0,0,0,1,0,0,0,1,0,0,1,0,0,0,0,0,0,1,0,0,0,0,0,0,0
Dr. Alban,0,0,0,0,0,0,0,0,0,0,0,0,0,1,0,0,1,0,0,0,0,0,1,2,0,0
Dschinghis Khan,0,0,0,0,0,0,0,0,0,0,0,0,0,0,0,0,0,0,0,0,1,1,0,0,0,0
Dua Lipa,3,4,4,4,3,2,4,2,3,4,4,4,1,4,4,3,4,3,2,5,5,2,2,2,4,3
Duffy,0,0,0,0,0,0,0,0,0,1,0,0,0,0,0,0,0,0,0,0,0,0,0,0,0,0
Duncan Laurence,0,0,0,1,0,0,1,0,0,1,1,0,0,0,0,0,2,0,0,0,1,1,0,0,0,0
Dunkelbunt & Alix,0,0,0,0,0,0,0,0,0,0,0,1,0,0,0,0,0,0,0,0,0,0,0,0,0,0
Duran Duran,2,0,0,0,0,0,0,0,1,0,1,0,1,0,0,0,0,0,2,0,0,0,1,0,0,0
DÖF,0,0,0,2,0,0,0,0,0,0,2,0,0,0,0,0,0,1,0,0,0,0,0,0,0,0
EAV,1,1,2,3,0,1,0,1,1,1,2,2,2,0,1,0,3,1,1,0,2,0,1,2,0,1
EAV feat. Lemo,0,0,0,0,0,0,0,0,0,0,0,0,0,0,0,0,0,1,1,0,0,0,0,0,0,0
EMF,0,0,0,0,0,0,0,0,0,0,0,0,0,0,0,0,0,0,0,0,0,0,0,1,0,0
Eagle-Eye Cherry,0,0,0,0,0,1,0,0,0,0,0,0,0,0,0,1,0,0,0,0,0,0,0,1,0,0
Eagles,0,0,0,0,0,0,1,0,0,0,0,0,1,0,0,0,0,0,0,0,1,0,0,0,0,0
"Earth, Wind & Fire with The Emotions",0,0,0,1,0,0,0,0,0,0,0,0,0,0,0,0,0,0,0,0,0,0,0,0,0,0
Echosmith,0,0,0,1,0,0,0,0,0,0,0,0,0,0,0,0,0,0,0,0,0,0,0,0,0,0
Ed Sheeran,3,6,6,5,4,3,5,4,5,5,5,3,3,6,2,3,5,6,6,4,4,3,4,3,6,4
Ed Sheeran & Justin Bieber,0,0,0,0,0,1,0,0,0,0,0,2,0,0,1,2,0,1,0,0,0,1,1,1,1,0
Eddie Money,0,0,0,0,0,0,0,0,0,0,0,0,0,0,0,0,0,0,0,0,0,0,0,1,0,0
Edmund,1,3,0,2,0,1,2,1,2,4,2,2,1,1,3,3,1,2,3,1,2,2,3,1,0,1
Edoardo Bennato,0,0,0,0,0,0,1,0,0,0,0,0,0,0,0,0,0,0,0,0,0,0,0,0,0,0
Edwyn Collins,0,0,0,0,0,0,0,0,0,0,0,0,0,0,0,1,0,0,0,1,0,0,0,0,0,0
Eiffel 65,0,0,0,0,0,0,1,0,0,0,0,0,0,0,0,0,0,0,0,0,0,0,0,1,0,0
Einfach Flo,0,1,0,0,0,1,0,0,0,0,0,0,0,0,1,0,0,0,0,0,0,0,0,0,0,0
El Profesor,0,0,0,0,0,1,0,0,0,0,1,0,0,0,0,0,0,0,0,0,0,0,0,0,0,0
Electric Light Orchestra,0,1,0,0,0,0,0,0,0,0,0,0,0,0,0,0,0,0,0,0,0,0,0,0,0,0
Eleni Foureira,0,0,0,0,0,0,0,0,0,0,0,0,1,0,0,0,0,0,0,0,0,0,0,0,0,0
Elina Born & Stig Rästa,0,0,0,0,0,0,0,0,0,0,0,0,0,0,0,0,0,0,0,0,0,1,0,0,0,0
Ella Henderson,0,0,0,0,0,0,0,0,0,1,0,0,0,0,0,0,0,0,0,0,0,0,0,0,0,0
Elle King,0,0,0,0,0,1,0,0,0,0,0,0,0,0,0,0,0,0,0,0,0,0,0,1,0,0
Ellie Goulding,1,0,1,4,1,1,0,0,0,1,1,2,1,0,1,1,2,3,0,0,0,2,1,0,2,0
Elton John,1,0,0,0,0,1,2,0,0,1,0,1,1,1,0,1,0,0,0,0,1,0,3,1,0,0
Elvis Presley,0,0,0,0,0,0,0,0,0,0,0,0,0,0,0,0,0,0,0,0,0,0,1,0,0,0
Elvis Presley vs. JXL,0,0,0,0,0,0,0,0,0,0,0,0,0,0,0,0,0,0,0,1,0,0,0,0,0,0
Emeli Sandé,0,0,0,0,0,0,0,1,0,0,0,0,0,0,1,0,0,0,2,0,0,1,1,0,0,0
Emilia,0,0,0,0,0,0,0,0,0,0,0,0,0,0,0,0,0,0,0,0,0,0,0,0,0,1
Eminem,0,0,0,0,0,0,0,0,0,0,0,0,0,0,0,0,0,0,0,1,0,0,0,0,0,0
Eminem / Rihanna,0,1,0,2,0,0,0,0,0,0,1,1,0,0,2,0,0,1,0,0,0,0,2,0,1,0
Eminem feat. Ed Sheeran,2,0,1,0,0,0,0,0,2,1,0,0,0,1,0,0,1,0,0,0,1,1,0,0,0,0
Emma-Mo,0,0,0,0,0,1,0,0,1,0,0,0,0,0,0,0,0,0,0,0,0,0,0,0,0,1
Emmelie de Forest,0,0,0,0,0,0,0,0,0,0,0,0,0,0,0,0,0,0,0,0,0,1,0,0,0,0
Enrique Iglesias,0,0,0,0,0,0,0,0,0,0,0,0,0,0,0,0,0,0,0,0,0,0,0,1,0,0
"Enrique Iglesias feat. Descemer Bueno, Zion & Lenn",0,1,0,1,0,0,2,0,0,0,0,1,0,1,0,0,1,0,0,1,0,0,0,1,0,0
Enrique Iglesias feat. Wisin,0,0,0,0,0,0,0,0,1,0,0,0,0,0,0,0,0,0,0,0,0,0,0,0,0,1
Erasure,0,0,0,0,0,0,0,0,0,0,0,0,0,0,0,0,0,0,0,0,0,0,0,1,0,0
Eric Burdon,0,0,0,0,0,0,0,0,1,0,0,0,0,0,0,0,0,0,0,0,0,0,0,0,0,0
Eric Carmen,0,0,0,1,0,0,0,0,0,0,0,0,0,0,1,0,0,0,0,0,0,0,0,0,1,0
Eric Clapton,0,0,0,0,0,0,0,0,1,0,0,0,0,0,0,0,0,0,0,0,0,0,0,0,0,0
Eric Prydz,0,0,0,0,0,0,0,1,1,0,0,0,0,1,0,0,0,0,0,0,1,0,0,0,2,0
Eros Ramazzotti,0,0,0,0,1,0,0,0,0,0,0,0,0,1,0,0,0,0,0,0,0,0,0,0,0,0
Eros Ramazzotti / Tina Turner,1,0,0,0,0,0,0,0,0,0,0,0,0,0,0,1,0,0,0,2,0,0,0,2,0,0
Europe,0,0,0,0,1,0,0,0,0,0,0,0,1,0,0,0,0,1,0,0,0,0,0,0,0,0
Eurythmics,0,2,2,0,0,0,1,0,0,0,0,0,2,0,0,2,0,1,0,0,0,0,0,1,0,1
Evanescence,0,0,1,0,0,0,0,0,0,0,0,0,1,0,0,0,1,0,0,0,0,0,0,0,0,0
Extreme,0,0,0,1,0,0,0,0,1,0,0,0,0,0,0,0,2,0,0,0,0,0,0,1,0,0
Faces,0,1,0,0,0,0,0,0,0,0,0,0,0,0,0,0,0,0,0,0,0,0,0,0,0,0
Faith Hill,0,0,0,0,0,0,0,0,0,0,0,0,0,0,0,1,0,0,0,0,0,0,0,0,0,0
Falco,2,1,2,2,1,1,2,1,1,2,1,1,4,3,1,3,1,2,0,1,1,1,0,5,1,2
Fatboy Slim,0,0,0,0,0,0,1,0,0,0,0,0,0,0,0,0,0,0,0,0,0,0,0,0,0,0
Felix Jaehn & VIZE feat. Miss Li,1,0,1,1,1,0,1,0,0,2,1,0,1,0,0,1,0,1,0,0,2,0,1,0,0,1
Felix Jaehn feat. Jasmine Thompson,0,0,0,1,0,0,0,0,0,0,0,0,0,0,0,0,0,0,0,0,0,0,0,0,0,0
Felix Jaehn feat. R. City & Bori,0,0,0,0,0,0,1,0,0,0,0,0,0,0,0,0,0,0,0,0,0,0,0,0,0,0
Fergie,0,0,0,0,0,0,0,0,0,1,0,0,0,0,0,0,1,0,0,0,0,0,0,0,0,0
Fettes Brot,0,0,0,0,0,0,0,0,0,0,0,0,0,0,0,0,0,0,1,0,0,0,0,1,0,0
Fiction Factory,0,0,0,0,0,0,0,0,0,0,0,0,1,0,0,0,0,0,0,0,0,0,0,0,0,0
Filous & Louis III,0,0,0,0,0,1,0,0,0,0,0,0,0,0,0,0,0,0,0,0,0,0,0,0,0,0
Filous & Mount feat. Buster Moe,0,0,0,1,0,0,0,0,0,0,0,0,0,0,0,0,0,0,0,0,0,0,0,0,0,0
Filous feat. Ashe,0,0,0,0,0,0,0,0,0,1,0,0,0,0,0,0,0,0,0,0,0,0,0,0,0,0
Filous feat. James Hersey,0,0,0,0,0,0,0,0,1,0,0,0,0,0,0,0,1,1,0,0,0,0,0,0,0,1
Filous feat. Klei,0,0,1,0,0,0,0,0,0,0,1,0,0,0,0,0,0,0,0,0,0,0,0,0,0,1
Filous feat. Mat Kearney,0,0,0,0,0,0,0,0,0,0,0,0,0,0,0,0,0,0,1,0,0,0,0,0,0,0
Fine Young Cannibals,0,0,0,0,0,1,0,0,0,0,0,0,0,1,0,0,1,0,0,0,0,0,0,0,0,1
Fleetwood Mac,0,0,0,0,0,0,0,0,1,0,0,0,2,0,0,0,1,0,0,0,0,0,0,0,1,0
Flip Capella,1,0,0,0,0,0,0,0,0,0,0,1,0,0,0,0,0,0,0,0,0,0,0,0,0,0
Flo Fin,0,0,1,0,0,1,1,0,0,0,0,0,0,1,0,0,0,0,0,0,0,0,1,0,0,1
Flo Rida,0,0,0,0,0,0,1,0,0,0,0,0,0,0,0,0,0,1,0,1,1,0,0,0,0,0
Flo Rida / David Guetta,0,0,2,0,0,0,0,0,0,0,0,0,0,1,0,0,0,0,0,0,0,1,0,1,2,0
Flo Rida feat. Ke$Ha,0,0,1,0,0,1,0,0,0,0,2,0,0,0,0,1,0,0,0,0,0,0,0,1,0,0
Florence Arman,0,0,0,0,0,0,0,0,0,0,0,0,0,0,0,0,0,0,0,0,0,0,1,0,0,0
Flowrag,0,0,0,0,0,0,0,0,1,0,0,0,0,0,0,0,1,0,0,1,0,0,1,0,0,1
Floy,0,0,0,0,0,0,0,0,0,0,0,0,0,0,0,0,0,0,0,0,0,0,1,0,0,0
Folkshilfe,2,1,1,1,0,1,0,0,0,0,0,1,0,0,0,1,0,0,0,1,0,0,0,0,0,2
Foo Fighters,0,0,0,0,0,0,0,0,0,1,0,0,1,0,0,0,1,0,0,0,0,0,0,0,0,0
Fool's Garden,0,0,0,1,0,0,1,0,0,0,0,0,0,1,0,0,0,0,0,0,1,0,0,1,0,0
Foreigner,0,0,0,0,0,0,0,0,0,0,0,0,1,0,0,0,0,0,0,0,0,0,0,0,0,0
Foster the People,0,0,0,0,0,0,0,0,0,0,0,0,0,0,1,0,0,0,0,0,0,0,0,0,0,0
France Gall,0,0,0,0,0,0,0,0,0,0,0,0,0,0,0,0,0,0,0,0,0,1,0,0,0,0
Francesco Gabbani,0,0,0,0,0,0,1,0,0,0,0,0,0,0,0,0,0,0,0,0,1,0,0,0,0,0
Frankie Goes To Hollywood,0,0,0,0,0,0,0,0,0,0,0,0,0,0,0,0,0,1,0,0,0,0,0,0,0,0
Frans,0,0,0,0,0,0,0,0,0,0,0,1,0,0,0,0,0,0,0,0,0,1,0,0,0,0
Free,0,0,0,0,0,0,0,0,0,0,0,0,1,0,0,0,0,0,0,0,0,0,0,0,0,0
Freya Ridings,2,2,1,1,2,0,1,1,2,1,2,1,0,0,2,1,1,2,2,1,1,2,1,1,1,2
Fugees,0,0,0,0,0,0,0,0,0,1,0,0,0,0,0,0,0,0,0,0,0,0,0,1,0,0
Fun.,1,0,0,0,0,0,0,0,0,2,0,0,0,0,0,1,0,0,0,0,0,1,0,0,0,0
Fun. / Janelle Monáe,0,0,0,1,0,0,0,0,0,0,0,0,0,0,0,0,0,0,0,0,1,0,0,0,0,0
Gamper & Dadoni feat. Emily Roberts,0,0,0,0,2,0,0,0,1,0,0,0,0,0,0,0,0,0,1,0,0,0,0,0,0,0
Gary Lux,0,0,0,0,0,0,0,0,0,0,0,0,0,0,0,0,0,0,0,0,0,1,0,0,0,0
Genesis,1,3,0,0,0,2,0,0,1,0,0,2,1,0,1,0,0,1,0,0,0,1,1,1,2,1
Georg Danzer,0,1,0,0,0,0,0,0,0,1,0,1,0,0,0,0,0,0,0,1,1,0,1,1,0,0
George Ezra,0,2,2,1,2,2,1,2,1,3,1,1,1,0,2,3,0,3,2,0,2,1,1,0,1,1
George Michael,0,0,0,0,1,0,0,0,1,0,0,1,0,1,1,0,0,0,1,0,0,0,0,0,0,0
Gert Steinbäcker,0,0,0,0,0,0,0,0,0,0,1,0,0,0,0,0,0,1,0,0,0,0,0,1,0,1
Gigi D'Agostino,0,1,0,0,1,0,0,0,0,0,0,0,1,0,0,0,0,0,1,0,0,1,0,2,0,0
Gjon's Tears,0,0,0,0,0,0,0,0,0,0,0,0,0,0,0,0,0,0,0,0,0,1,0,0,0,0
Gloria Gaynor,0,0,0,0,0,0,1,0,0,0,0,0,0,0,0,0,0,0,0,0,0,0,0,0,0,0
Go West,0,0,0,0,0,0,0,0,0,0,0,0,1,0,0,0,0,0,0,0,0,0,0,0,0,0
Golden Earring,0,0,0,0,0,0,0,0,0,0,0,0,1,0,0,0,0,0,0,0,0,0,0,0,0,0
Goo Goo Dolls,1,0,0,0,1,0,0,0,0,0,0,0,1,0,0,0,0,2,0,0,0,0,0,1,0,0
Gossip,0,0,0,0,0,1,0,0,0,0,0,0,0,0,0,0,1,0,0,0,1,0,0,0,0,0
Gotye ft. Kimbra,0,0,1,0,2,0,0,0,0,0,1,0,0,0,1,0,0,0,1,0,0,0,0,1,0,0
Granada,1,0,0,0,0,0,0,0,0,0,0,1,0,0,0,0,0,0,0,0,0,0,0,0,0,0
Green Day,1,0,3,2,1,0,1,1,0,1,0,0,2,1,0,0,0,1,3,0,0,0,1,2,0,1
Green Day / The Cast of American Idiot,0,2,0,0,0,0,0,0,0,0,0,0,0,0,0,0,0,0,0,0,1,0,0,0,0,0
Griff,0,1,1,1,1,0,0,1,1,0,1,0,1,1,0,1,1,0,0,0,0,0,0,0,0,0
GuGabriel,0,0,0,0,0,0,0,0,0,0,0,0,0,0,0,0,0,0,0,0,0,0,1,0,0,0
Guildo Horn & die Orthopädischen Strümpfe,0,0,0,0,0,0,0,0,0,0,0,0,0,0,0,0,0,0,0,0,1,0,0,0,0,0
Guns n' Roses,1,0,1,2,2,1,1,0,1,0,1,0,4,2,0,0,0,0,1,1,3,1,0,2,0,3
Guru Josh,0,0,0,0,0,0,0,0,0,0,0,0,0,0,0,0,0,0,0,0,0,0,0,1,0,0
HIM,1,0,0,0,0,0,0,0,1,0,0,1,0,0,0,0,0,0,0,0,0,2,0,0,0,0
Haddaway,0,0,0,0,0,0,0,0,0,0,0,0,0,0,0,0,0,0,0,0,0,0,0,1,0,0
Hansi Dujmic,0,0,1,0,0,0,0,0,0,1,1,0,1,0,0,0,0,1,0,1,1,0,0,0,0,0
Hanson,0,1,0,0,0,0,0,0,0,0,0,0,1,0,0,0,0,0,1,0,0,0,0,1,0,0
Harry Styles,0,0,1,0,2,0,1,1,0,0,1,0,0,1,0,1,0,0,0,1,1,1,2,0,0,1
Heart,0,0,0,0,0,0,0,0,0,0,1,0,1,0,0,0,0,0,0,0,0,0,0,0,0,0
Herbert Grönemeyer,0,0,1,0,0,0,0,0,0,0,0,0,0,0,0,0,0,0,0,0,0,0,0,0,0,0
Herzgluat,0,0,0,0,0,0,0,0,0,0,0,0,0,0,0,0,0,0,0,1,0,0,0,0,0,0
Holstuonarmusigbigbandclub,0,0,1,0,0,0,0,0,0,0,0,0,0,0,0,0,0,0,1,0,0,0,0,0,0,0
Hoobastank,0,0,0,0,0,0,2,0,0,0,0,0,0,0,0,0,0,0,0,0,0,0,0,0,0,2
Hootie & the Blowfish,0,0,0,0,0,0,0,0,0,1,0,0,0,0,0,0,0,0,0,0,0,0,0,0,0,0
House of Pain,0,0,0,0,0,0,0,0,0,0,0,0,0,0,0,0,0,0,0,0,0,0,0,1,0,0
Hozier,0,1,0,0,0,0,1,0,0,0,0,0,1,0,0,0,2,0,0,0,0,0,0,0,0,2
Hubert von Goisern,0,0,1,1,2,0,1,0,1,2,0,0,1,2,0,0,1,0,1,2,0,0,0,0,0,2
Hunger,0,0,0,0,0,0,0,0,0,0,1,1,0,0,0,0,0,0,0,1,0,0,0,0,0,0
Hunger feat. J-MOX,0,0,0,0,0,0,0,0,0,0,0,0,0,0,0,0,0,0,0,0,0,0,0,0,0,1
Hurts,0,0,0,0,0,0,0,0,0,1,0,0,0,0,0,0,0,0,0,0,0,0,1,0,0,0
INXS,0,1,0,1,0,0,0,0,0,0,1,1,1,0,0,0,0,0,0,0,0,0,0,0,0,0
Icona Pop,1,0,0,0,0,2,0,1,0,0,0,0,0,0,0,1,0,0,0,0,0,1,0,1,0,0
Ideal,0,0,0,0,0,0,0,0,0,0,0,0,0,0,0,1,0,0,0,0,0,0,0,0,0,0
Iggy Pop,0,0,0,0,0,0,0,0,0,0,0,0,1,0,0,0,0,0,0,0,0,0,0,0,0,0
Ike & Tina Turner,0,0,0,0,0,0,0,0,0,0,0,0,1,0,0,0,0,0,0,0,0,0,0,0,0,0
Il Volo,0,0,0,0,0,0,0,0,0,0,0,0,0,0,0,0,0,0,0,0,0,1,0,0,0,0
Imagine Dragons,3,3,2,4,5,6,4,5,3,3,3,2,2,5,3,3,2,2,3,4,3,5,5,3,4,6
Imany,1,0,0,1,0,0,0,2,0,1,0,2,0,0,0,0,1,1,0,2,0,0,1,0,0,2
Ina Regen,0,1,0,0,0,1,0,0,0,0,0,1,0,0,0,0,0,0,0,1,0,0,0,1,0,0
Inez / Leo Aberer,0,0,0,0,0,0,0,0,0,0,0,0,0,0,0,0,0,0,0,0,1,0,0,0,0,0
Ini Kamoze,0,1,0,0,0,0,0,0,0,0,0,0,0,0,0,0,0,0,0,0,0,0,0,0,0,0
Inner Circle,0,0,0,0,0,0,0,0,0,0,0,0,0,0,0,0,0,0,0,0,0,0,1,1,0,0
Israel Kamakawiwo'ole,0,0,1,0,0,0,0,0,0,0,0,0,0,0,0,0,0,0,0,0,0,0,0,0,0,0
J-Mox & Nathan Trent,0,0,0,0,0,0,0,0,0,0,1,0,0,0,0,0,0,0,0,0,0,0,0,0,0,0
J. Geils Band,0,0,0,0,0,0,0,0,1,0,0,0,0,0,0,0,0,0,0,0,0,0,0,0,0,0
JC Stewart,2,3,2,1,2,3,3,2,1,3,2,1,0,0,0,1,1,0,0,0,0,0,0,0,0,0
Jakob Busch,0,0,0,0,1,0,0,0,0,0,0,0,0,0,0,0,0,0,0,0,0,0,0,0,0,0
Jamelia,0,0,2,0,0,0,0,0,0,2,0,0,0,0,0,1,0,0,0,0,0,0,0,0,0,1
James,0,0,0,0,0,0,0,0,0,0,0,0,0,0,0,0,0,0,0,0,0,0,0,1,0,0
James Arthur,1,0,1,0,2,0,0,0,0,1,1,0,0,0,1,0,2,0,0,1,0,1,1,0,0,0
James Bay,2,1,3,3,2,2,1,2,3,2,1,1,1,0,0,1,1,0,1,1,0,1,0,1,0,1
James Blunt,0,0,0,0,0,0,0,0,0,0,0,0,1,0,0,0,0,0,0,1,0,1,0,0,0,0
James Brown,0,1,0,0,0,0,0,0,0,0,0,0,0,0,0,0,0,0,0,0,0,0,0,0,0,0
James Cottriall,0,0,1,0,0,1,0,0,0,1,0,0,1,1,0,0,0,1,0,1,0,0,1,1,0,1
James Cottriall & Paige Nichols,0,0,0,0,0,0,0,0,0,0,0,0,0,0,0,0,0,0,0,0,0,0,0,0,0,1
James Hersey,0,1,0,0,0,0,0,0,0,0,0,0,0,0,0,0,0,0,1,0,0,0,0,0,0,0
James Morrison,0,0,0,0,0,0,0,0,0,0,0,0,1,0,0,0,0,0,0,0,0,0,0,0,0,0
James Morrison / Nelly Furtado,0,0,0,0,0,1,0,1,0,0,0,0,0,1,0,0,0,0,0,0,0,0,0,0,1,0
James Newman,0,0,0,0,0,0,0,0,0,0,0,0,0,0,0,0,0,0,0,0,0,1,0,0,0,0
Jamiroquai,1,0,0,0,0,0,1,0,0,0,0,0,0,0,0,0,0,0,0,0,0,0,0,0,0,0
Jamule,0,0,0,1,0,0,0,0,0,0,0,0,0,0,0,0,0,0,0,0,0,0,0,0,0,0
Jan Delay feat. Marteria,1,0,0,0,0,0,3,0,0,0,0,0,2,1,1,1,0,1,0,1,2,2,0,1,1,1
Jan Delay feat. Summer Cem,0,0,0,0,0,0,0,0,0,0,0,0,0,0,0,0,0,0,0,0,0,0,0,0,1,0
Janis Joplin & Big Brother and the Holding Company,0,0,0,0,0,0,0,0,0,0,0,0,0,0,0,1,0,0,0,0,0,0,0,0,0,0
Jason Derulo,2,2,3,1,1,2,0,1,2,2,0,1,0,0,0,1,1,3,1,1,1,0,1,1,1,1
Jason Derulo feat. Jennifer Lopez & Matoma,0,0,0,0,0,0,0,0,0,0,0,0,0,0,0,0,0,0,1,0,0,0,0,0,0,0
Jason Derulo feat. Nuka,4,2,3,3,4,3,4,4,2,3,3,2,2,3,3,3,3,3,1,4,3,2,2,2,4,4
Jason Mraz,0,0,0,0,0,0,0,0,0,0,0,0,0,0,0,0,0,0,0,0,0,1,0,0,0,0
Jawsh 685 feat. Jason Derulo,0,0,1,0,0,0,0,0,0,0,1,0,0,0,0,0,0,0,0,1,0,0,0,0,0,0
Jay-Z,0,0,0,0,0,0,0,0,0,0,0,0,0,0,0,0,0,0,0,0,0,0,0,1,0,0
Jay-Z / Alicia Keys,0,0,1,0,0,0,0,0,0,0,0,0,0,0,0,0,0,0,0,0,0,0,0,1,0,0
Jedward,0,0,0,0,0,0,0,0,0,0,0,0,0,0,0,0,0,0,0,0,1,0,0,0,0,0
Jennifer Lopez,0,0,0,1,0,0,0,0,0,0,0,0,0,0,0,0,0,0,0,0,0,0,0,0,0,0
Jennifer Lopez / Pitbull,0,0,0,0,0,1,1,0,0,0,0,0,0,0,0,0,0,0,0,0,0,0,0,0,0,0
Jessie J / B.O.B.,0,1,2,0,2,0,0,0,1,0,0,0,1,1,0,1,0,0,2,0,0,0,1,1,0,0
Jewels,0,0,0,0,0,0,0,0,0,1,0,0,0,0,0,0,0,0,0,0,0,0,0,0,0,0
Jimi Hendrix,0,0,0,0,0,0,0,0,0,0,0,0,1,0,0,0,0,0,0,0,0,0,1,0,0,0
Jimi Jamison,0,0,0,0,0,0,0,1,0,0,0,0,0,0,0,2,0,0,0,0,0,0,0,1,0,0
Jimmy Cliff,0,1,0,0,1,0,0,0,0,0,0,0,0,0,0,0,0,0,1,0,0,0,0,1,0,0
Joan Jett & the Blackhearts,0,0,1,0,0,2,0,0,0,0,0,0,1,0,0,0,0,0,1,0,0,0,0,0,0,0
Joan Osborne,0,1,0,0,0,0,0,0,0,0,0,0,0,0,1,0,0,0,0,0,0,0,0,0,0,0
Joe Cocker,0,0,0,0,0,0,1,0,0,0,0,0,0,1,1,0,0,0,0,1,0,0,1,0,0,0
Joe Dolce Music Theatre,0,0,0,0,0,0,0,0,0,0,0,0,0,0,0,0,1,0,0,0,0,0,0,0,0,0
Joe Traxler,0,0,0,0,0,0,0,0,0,0,0,0,0,0,0,0,0,1,0,0,0,0,0,0,0,0
Joel Corry feat. Mnek,3,2,3,2,3,2,2,2,2,2,5,3,2,3,3,3,2,5,3,2,3,2,3,2,4,3
John Farnham,0,1,0,0,0,0,0,0,1,0,1,0,1,0,0,0,0,0,0,0,0,0,1,0,0,0
John Legend,0,0,0,0,0,0,0,0,1,0,0,0,1,1,1,0,0,0,0,0,0,0,2,1,2,0
John Lennon,0,0,0,1,0,0,0,0,1,0,0,0,0,0,0,0,0,0,0,0,0,0,0,0,0,0
John Miles,0,0,0,0,0,0,0,0,0,0,0,0,0,0,0,0,0,0,0,0,0,0,0,0,0,1
John Parr,1,0,0,0,0,0,0,0,0,0,1,0,0,0,0,0,0,0,0,0,0,0,0,1,0,0
John Waite,0,0,0,1,0,0,0,0,0,0,0,0,0,0,0,0,0,0,0,0,0,0,0,0,0,0
Johnny Cash,0,0,0,0,0,0,0,0,0,0,0,0,0,0,0,0,0,0,0,0,0,0,1,0,0,0
Johnny Logan,0,0,0,0,0,0,0,0,0,0,0,1,0,0,0,1,0,0,0,0,1,2,0,0,0,0
Jon Bon Jovi,0,0,0,0,0,1,1,0,0,0,1,0,0,0,0,0,1,0,0,0,0,0,0,1,0,0
Jonas Blue feat. Dakota,0,0,0,0,0,0,1,0,0,0,0,0,0,0,0,0,0,0,0,0,0,0,0,0,1,0
Jonas Blue feat. JP Cooper,0,1,0,0,2,0,0,0,0,1,0,0,2,0,1,0,0,0,0,0,0,0,2,0,0,0
Jonas Blue feat. Jack & Jack,1,0,0,0,1,0,1,0,0,2,0,0,0,1,0,0,0,1,2,0,0,0,1,0,0,0
Jonas Brothers,1,0,0,0,0,0,0,0,0,0,0,1,0,0,0,1,0,0,0,0,0,0,0,0,0,0
Josh.,2,2,2,0,3,3,2,0,1,2,2,4,0,3,3,2,2,2,4,1,2,2,3,0,3,4
Joss Stone,0,0,1,0,0,0,0,0,0,0,0,0,0,0,0,0,0,0,0,0,0,0,0,0,0,0
Journey,0,0,1,0,0,0,1,0,1,0,0,0,1,1,0,0,0,0,0,0,1,1,0,0,0,0
Jovanotti,0,0,0,0,0,0,0,0,0,0,0,0,0,0,0,0,0,0,0,0,0,0,0,2,0,0
Julian Le Play,2,2,2,3,3,1,2,1,2,3,0,3,1,2,2,2,1,1,3,0,2,1,1,3,1,3
Julian Le Play feat. toksï,1,0,1,0,0,2,1,0,1,0,1,1,0,0,0,0,0,1,1,1,1,0,2,1,2,1
Justin Bieber,1,0,0,0,0,0,0,0,0,0,0,0,0,0,0,1,0,0,0,0,0,0,0,0,0,0
Justin Bieber feat. Daniel Caesar  & Giveon,0,0,0,1,0,0,0,0,0,0,1,0,0,0,0,0,0,1,0,0,0,0,0,0,1,0
Justin Jesso,0,0,0,2,0,0,0,0,0,0,0,0,0,0,0,0,0,0,0,0,0,0,0,0,0,0
Justin Timberlake,0,0,1,0,0,0,0,1,0,0,0,0,0,0,1,1,0,0,0,1,0,0,1,1,0,2
Justin Timberlake feat. Chris Stapleton,1,0,0,0,1,0,0,0,1,0,1,0,0,0,0,0,1,0,0,0,0,0,0,0,0,0
Justin Wellington feat. Small Jam,3,1,5,0,2,0,3,4,2,3,3,1,2,1,2,1,2,3,2,1,3,2,1,3,2,2
K'naan,0,0,0,1,0,1,0,0,0,0,0,1,0,0,0,0,1,0,0,0,0,0,0,0,0,1
"K-391, Alan Walker & Tungevaag ft. Mangoo",0,0,1,0,0,0,0,0,0,0,0,0,0,0,0,0,0,1,0,1,0,0,0,0,1,0
K.O. Pilot,0,0,0,0,0,1,0,0,0,0,0,0,0,0,0,0,0,0,0,0,0,0,0,0,0,0
KC & the Sunshine Band,0,1,0,0,0,0,0,0,0,0,0,0,0,0,0,0,0,0,0,0,0,0,0,0,0,0
KGB,0,0,0,0,2,0,0,0,0,0,0,0,0,0,0,0,0,0,0,0,0,0,1,0,0,0
Kaiser Chiefs,0,0,0,0,0,0,0,0,0,0,0,0,0,0,0,0,1,0,0,0,0,0,0,0,0,0
Kaleo,0,0,0,1,0,0,0,0,1,0,0,0,0,0,0,0,0,0,0,0,0,0,0,0,0,0
Kaoma,0,0,0,0,0,0,0,0,0,0,1,0,0,0,0,0,0,0,0,0,0,0,0,0,0,0
Kate Yanai,0,0,0,0,0,0,0,0,0,0,0,0,0,0,0,0,0,0,0,0,1,0,0,1,0,0
Katrina & the Waves,0,0,0,0,1,0,0,0,0,0,1,1,1,0,0,1,0,0,1,1,0,1,0,0,0,0
Katy Perry,3,3,1,0,2,2,2,4,2,2,2,0,0,2,0,4,0,3,2,0,1,3,3,1,0,3
Katy Perry feat. Juicy J,0,0,0,0,0,0,0,0,0,0,1,0,0,0,0,0,0,0,0,0,0,0,0,0,0,0
Ke$ha,1,0,0,2,0,0,0,0,1,0,0,0,1,0,0,0,1,0,0,0,1,0,0,0,1,1
Keala Settle & the Greatest Showman,0,0,0,0,0,0,0,0,0,0,0,0,0,0,0,0,0,0,0,0,0,0,1,0,0,0
Kelly Clarkson,0,4,1,3,3,1,0,1,1,1,1,0,2,1,1,3,0,2,2,1,1,0,1,1,1,1
Kelvin Jones,1,0,0,0,0,0,0,0,0,0,0,0,0,0,0,0,0,0,0,0,0,0,0,0,0,0
Kenny Loggins,0,0,0,1,1,0,0,0,0,1,2,1,0,1,2,0,0,0,0,2,1,0,0,0,0,2
Khaled,0,0,0,0,0,0,0,0,0,0,0,0,0,0,0,0,0,0,0,0,0,0,0,1,0,0
Kid Rock,1,0,1,0,1,0,0,2,0,0,1,0,0,1,0,0,4,0,1,0,0,1,0,0,1,0
Kim Carnes,0,0,0,0,0,0,0,0,0,0,0,1,0,0,0,0,0,0,0,0,0,0,0,0,2,0
King & Potter,3,2,0,1,2,3,2,1,1,1,1,1,2,1,2,0,1,2,2,3,1,0,1,1,1,1
Kings of Leon,0,0,0,1,1,0,1,1,0,0,0,0,1,1,0,0,2,0,1,0,1,0,0,1,0,0
Kiss,0,0,1,0,0,0,0,0,0,0,0,0,2,0,0,0,0,0,0,0,0,0,0,0,0,0
Klangkarussell,2,1,1,0,0,2,0,2,1,0,1,0,0,0,0,1,0,0,1,1,0,0,0,0,0,0
Klangkarussell / Will Heard,0,0,1,0,0,0,0,0,0,0,0,0,0,0,0,0,0,0,0,0,0,0,0,0,0,0
Krautschädl,0,0,1,0,2,0,0,1,1,1,0,3,0,0,1,0,0,1,0,0,1,0,1,0,2,1
Kris / Dante Thomas,0,0,0,0,0,0,0,0,0,0,0,0,0,0,0,0,0,0,0,0,0,0,0,0,1,0
Krystof,0,0,0,0,1,0,0,0,0,0,0,0,0,1,0,0,0,0,0,0,0,0,0,0,0,1
Kurt Ostbahn,0,0,0,0,0,0,0,0,0,0,0,0,1,0,0,0,0,0,0,0,0,0,0,0,0,0
Kwabs,0,0,0,1,0,0,0,0,0,0,0,0,0,0,0,0,0,0,0,0,0,0,0,0,0,0
Kygo  & Tina Turner,1,1,1,2,1,1,1,0,1,0,1,0,1,0,0,1,2,0,2,1,1,2,1,1,1,0
Kygo & Miguel,0,1,0,0,0,1,0,1,0,2,0,0,0,1,0,0,0,0,0,0,0,0,0,0,0,0
Kygo & Whitney Houston,0,0,0,0,1,0,0,0,0,0,0,0,0,0,1,0,0,0,1,0,0,0,0,0,0,0
Kygo feat. Conrad,0,0,0,0,0,0,0,0,0,0,0,0,0,0,0,0,0,0,0,0,0,0,0,0,0,1
Kygo feat. Donna Summer,1,0,1,1,1,0,1,2,0,0,1,0,1,0,2,1,2,1,1,0,1,0,2,0,1,2
Kygo feat. James Gillespie,1,1,0,1,1,1,1,0,1,0,1,0,1,1,0,1,1,1,0,0,1,0,1,0,1,1
Kygo feat. James Hersey & Dillon Francis,0,0,0,0,0,0,0,0,0,0,0,0,0,0,0,0,0,0,0,0,0,0,0,1,0,0
Kygo feat. Selena Gomez,1,1,0,1,0,0,2,0,0,0,0,1,0,0,0,0,0,1,1,0,0,0,0,0,1,1
Kylie Minogue,1,0,0,0,0,0,0,1,0,0,1,0,0,0,0,1,0,0,0,0,0,1,0,0,0,0
LA Vision & Gigi D'Agostino,1,0,1,1,1,2,0,2,1,1,2,1,0,1,0,1,1,2,1,1,0,2,0,0,1,1
LUM!X ft. X Mokaby & D.T.E  & Gabry Ponte,0,0,0,0,0,0,0,0,0,0,0,0,0,0,0,0,0,0,0,0,0,2,0,0,0,0
La Bouche,0,0,0,0,0,0,0,0,0,0,0,0,0,0,0,0,0,0,0,0,0,0,0,2,0,0
La Roux,0,0,0,1,0,0,0,0,1,0,0,0,0,0,1,0,0,0,0,0,1,0,0,0,0,0
Labrinth / Emeli Sandé,1,0,0,0,0,0,0,0,0,0,0,1,0,0,0,0,0,0,0,2,0,0,0,0,0,0
Lady Antebellum,0,0,0,0,0,0,0,1,0,0,0,0,0,0,0,1,0,0,0,1,0,0,0,0,0,0
Lady Gaga,3,2,4,4,3,4,2,3,3,4,4,2,1,2,3,3,5,5,4,3,2,1,2,2,4,4
Lady Gaga & Ariana Grande,0,0,0,0,0,0,1,0,0,0,0,0,0,0,0,0,0,1,0,0,0,0,0,0,0,1
Lady Gaga & Bradley Cooper,1,0,0,0,0,1,1,2,1,0,0,2,0,1,0,1,0,0,0,2,1,2,0,0,1,0
Laura Branigan,0,1,0,0,1,0,0,0,0,0,0,0,0,0,0,1,0,0,0,1,0,0,0,0,0,0
Laura Pausini,0,0,0,0,0,0,0,0,0,0,0,1,0,0,0,0,0,0,0,0,0,0,0,0,0,0
LeAnn Rimes,0,0,0,0,0,0,0,0,0,0,0,0,0,0,0,1,0,0,0,0,0,0,0,0,0,1
Led Zeppelin,0,0,0,0,0,0,0,0,0,0,0,0,1,0,0,1,0,0,0,0,1,0,0,0,0,0
Leelah Sky,0,0,0,0,0,0,0,0,0,0,0,0,0,0,0,1,0,0,0,0,0,0,0,0,0,1
Left Boy,0,0,0,0,0,0,0,0,0,0,0,0,0,0,0,0,0,0,1,0,0,0,0,0,0,0
Lemo,0,3,1,2,2,4,2,2,2,2,1,3,1,2,0,4,3,2,2,3,0,2,2,1,2,1
Lena,0,0,1,0,0,0,0,0,0,0,0,2,1,0,0,0,0,0,0,0,1,1,1,0,0,0
Lena & Nico Santos,0,1,0,0,0,0,0,0,0,1,0,1,0,0,1,0,0,1,0,0,0,0,0,1,0,0
Lenny Kravitz,1,0,2,0,1,1,2,0,0,0,0,0,2,0,2,0,1,0,1,1,0,1,0,0,1,2
Leo Aberer,0,0,0,0,0,0,0,0,0,0,0,0,0,0,0,0,0,0,1,0,0,0,0,0,1,0
Leo Aberer feat. Fritz Jerey,0,0,0,0,0,0,0,0,0,1,0,0,0,0,0,0,0,0,0,0,0,0,0,0,0,0
Leona Lewis,0,0,0,0,0,0,0,0,0,0,0,0,0,0,0,0,0,1,0,0,0,0,0,0,0,0
Leony,4,3,2,3,4,3,3,4,2,3,3,4,2,2,4,2,3,3,2,3,3,3,2,2,3,3
Lewis Capaldi,1,1,1,1,1,1,2,1,1,1,1,1,0,1,1,2,1,0,2,1,1,1,1,1,1,1
Leyya,0,0,0,0,0,0,0,0,0,0,0,0,0,0,0,0,0,0,0,1,0,0,0,0,0,0
Liam Payne & Rita Ora,0,1,0,0,0,1,0,0,0,0,0,1,0,0,0,0,0,0,0,0,0,0,0,0,0,0
Liam Payne feat. A Boogie Wit da Hoodie,1,0,0,0,1,0,1,0,0,0,1,0,0,1,0,0,0,0,1,1,0,0,0,0,1,1
Liebenthal feat. Ta:Mi,0,0,0,0,1,0,0,0,0,0,0,0,0,0,0,0,0,0,0,0,0,0,0,0,0,0
Lifehouse,0,0,0,0,0,0,0,1,0,0,0,0,0,0,2,0,0,0,0,0,0,0,0,0,0,2
Lil Nas X,0,0,0,1,0,0,0,0,0,0,1,0,0,0,0,0,0,1,0,0,0,0,0,0,1,0
Lil Nas X feat. Billy Ray Cyrus,0,0,0,0,1,0,0,0,0,0,0,1,0,0,0,0,0,0,0,0,0,0,0,0,0,0
Limp Bizkit,0,0,0,0,1,0,0,0,0,0,0,0,0,0,0,0,0,0,2,0,0,1,0,0,0,0
Linkin Park,1,0,0,0,0,1,2,2,0,0,0,1,1,0,1,0,1,1,0,1,0,0,2,0,0,2
Linkin Park feat. Kiiara,0,0,0,0,0,1,0,0,0,0,0,0,0,0,0,0,0,0,0,0,0,1,0,0,0,0
Lipps Inc.,0,0,0,0,0,1,0,0,0,1,0,0,0,0,0,1,0,0,0,0,1,0,0,0,0,0
Liquido,0,0,0,0,0,0,1,0,0,0,0,0,1,0,0,1,0,0,0,0,0,0,0,2,0,0
Lisa Pac,3,3,3,3,2,3,2,3,4,2,1,1,3,3,2,2,2,2,3,1,1,2,2,1,2,2
Little Richard,0,0,0,0,0,0,0,0,1,0,0,0,0,0,0,0,0,0,0,0,0,0,0,0,0,0
Lizza,0,0,0,0,0,0,0,0,0,0,0,0,1,0,0,0,0,0,0,0,0,0,0,0,0,0
Loic Nottet,0,0,0,0,0,0,0,0,0,0,0,0,0,0,0,0,0,0,0,0,0,1,0,0,0,0
Loona,0,0,0,0,0,0,0,0,0,0,0,0,0,0,0,0,0,0,0,0,0,0,0,1,0,0
Lordi,0,0,0,0,0,0,0,0,0,0,0,0,1,0,0,0,0,0,0,0,0,1,0,0,0,0
Loreen,0,0,0,0,0,0,0,0,1,1,1,0,0,1,0,0,0,0,0,1,0,1,0,0,0,0
Los Del Rio,0,0,0,0,0,1,0,0,0,0,0,0,0,0,0,0,0,0,0,0,0,0,0,1,0,0
Lost,0,0,0,0,0,1,0,0,0,0,0,0,0,0,0,0,0,0,0,0,0,0,0,0,0,0
Lost Frequencies,0,0,2,0,0,0,0,0,0,1,0,1,0,0,0,2,0,2,0,0,1,1,0,0,1,0
Lost Frequencies & Zonderling,0,0,0,0,0,0,0,0,0,0,0,0,0,0,0,0,0,0,0,0,0,0,0,0,1,0
Lost Frequencies feat. Janieck Devy,1,1,0,1,0,0,0,0,2,0,0,1,0,0,1,0,0,0,1,0,0,2,0,0,0,1
"Lost Frequencies, Zonderling & Kelvin Jones",0,0,0,0,1,0,0,0,0,1,0,0,0,0,0,0,0,1,0,1,0,0,1,0,0,0
Lost feat. Flo & Onk Lou,0,0,0,0,0,0,0,0,0,0,0,0,0,0,0,0,0,0,0,1,0,0,0,0,0,0
Lou Asril & Avec,1,0,0,0,1,0,0,0,1,0,0,0,0,0,0,0,0,0,0,1,0,0,0,0,0,0
Lou Bega,0,0,0,0,0,0,0,0,0,0,0,0,0,0,0,0,0,1,0,0,0,0,0,1,0,0
Louane,0,0,0,0,0,0,0,0,0,0,0,0,0,0,0,0,0,0,0,0,0,0,0,0,1,0
Loud Luxury feat. Brando,0,1,0,0,0,0,0,1,1,0,0,1,0,0,1,0,0,0,0,0,0,1,0,0,0,0
Louis Tomlinson,0,0,0,0,0,0,0,0,0,0,0,1,0,0,0,0,0,0,0,0,0,0,0,0,0,0
Luca Hänni,0,0,0,0,0,0,0,0,0,0,0,0,0,0,0,0,0,0,0,0,0,1,0,0,0,0
Luis Fonsi & Demi Lovato,0,0,0,0,0,0,0,0,0,0,0,0,0,0,0,0,0,0,1,1,0,0,0,0,0,0
Luis Fonsi feat. Daddy Yankee,0,0,1,0,1,0,0,0,1,0,0,0,0,0,0,2,0,0,0,1,0,0,1,2,0,0
Luke Andrews,0,1,0,0,1,0,0,0,1,0,0,0,0,0,1,0,1,0,0,0,0,0,0,0,0,0
Luke Andrews Band,0,0,0,0,0,0,0,0,0,0,0,0,0,0,0,0,0,0,0,1,0,0,0,0,0,1
Lutricia McNeal,0,0,0,0,0,0,0,0,0,0,0,0,0,0,0,0,0,0,0,0,0,0,0,0,0,1
Luttenberger Klug,0,0,0,0,1,0,0,0,0,0,0,0,0,0,0,0,0,0,0,0,0,0,0,0,0,0
Lykke Li,0,0,0,0,0,0,0,0,0,1,0,0,0,1,0,0,0,0,0,0,0,0,0,0,0,0
Lynyrd Skynyrd,0,0,0,0,0,0,0,0,0,0,0,0,1,0,0,0,0,0,0,0,0,0,0,1,0,0
MGMT,0,0,0,0,0,0,0,1,0,0,0,0,0,0,0,0,0,0,0,0,0,0,0,0,0,0
Mabel,0,0,0,0,1,0,0,0,0,0,0,0,0,0,0,0,0,0,0,0,0,0,0,0,0,0
Macklemore & Ryan Lewis,0,0,0,0,0,0,2,0,0,0,0,0,0,0,0,0,0,0,0,0,0,0,0,0,0,1
Macklemore feat. Ziggy Stardust,0,2,0,0,0,2,0,0,0,0,0,0,1,0,0,0,2,0,0,0,0,0,0,0,2,0
Madcon,0,0,0,0,1,0,0,0,0,0,0,0,0,0,0,0,0,0,0,0,1,0,0,0,0,0
Madcon / Ameerah,0,0,0,0,0,0,0,0,0,0,0,0,0,0,0,0,0,0,0,0,0,0,0,0,1,0
Madonna,0,1,0,1,0,0,0,0,0,1,2,0,1,0,2,0,0,0,1,2,0,0,0,0,2,1
Maggie Reilly,0,1,0,0,0,0,0,0,0,0,0,0,0,0,0,0,0,0,0,0,0,0,0,0,0,0
Magic!,0,0,2,0,0,0,0,0,1,1,0,0,0,0,1,0,0,1,0,0,1,0,1,0,0,0
Mahmood,0,0,0,0,0,0,0,0,0,0,0,1,0,0,0,0,0,0,0,0,0,1,0,0,0,0
Majestic feat. Boney M.,0,0,0,0,0,0,0,0,0,0,0,0,0,0,0,0,0,0,0,0,0,0,0,0,1,0
Mando Diao,0,0,0,0,0,0,0,0,0,0,1,0,0,0,0,0,1,0,0,0,0,2,0,0,0,1
Manfred Mann's Earth Band,0,0,0,0,1,0,0,1,0,0,0,0,1,0,0,2,0,0,0,0,0,0,0,0,0,0
Marc Cohn,0,0,0,0,0,0,0,0,0,0,0,2,0,0,0,0,0,1,0,0,0,0,1,0,0,0
Marcel,0,0,0,0,0,0,0,0,1,0,0,0,0,0,0,0,0,0,0,0,0,0,0,0,0,0
Mariah Carey,0,0,0,0,0,0,0,0,0,0,0,0,0,0,0,0,0,1,0,0,0,0,0,0,0,0
Marit Larsen,0,0,0,0,0,0,0,0,0,0,0,0,0,0,0,0,0,0,0,0,0,0,0,0,0,1
Mark Forster,1,0,0,1,3,1,0,0,0,1,3,0,0,2,1,0,1,0,3,1,0,0,0,0,4,0
Mark Forster feat. LEA,1,0,1,2,1,0,0,1,1,1,1,1,0,0,0,0,1,1,0,1,1,0,0,1,1,1
Mark Forster feat. Sido,0,0,1,0,0,0,0,1,0,0,0,0,1,0,0,0,0,0,0,0,1,0,0,0,0,0
Mark Morrison,0,0,0,0,0,0,0,0,0,0,0,0,0,0,0,0,0,0,0,0,0,0,0,1,0,0
Mark Ronson / Amy Winehouse,0,0,0,0,0,1,0,0,0,0,0,0,0,0,0,0,0,0,0,0,0,0,0,0,0,0
Mark Ronson feat. Bruno Mars,0,0,0,1,0,0,2,0,0,0,1,2,0,1,0,0,0,2,0,0,1,0,0,0,1,0
Maroon 5,1,2,3,1,1,1,1,2,2,4,1,2,0,1,1,1,4,3,1,1,2,0,1,1,1,4
Maroon 5 / Wiz Khalifa,0,0,0,1,1,0,0,0,0,0,2,0,0,0,2,0,0,0,0,0,0,1,1,0,0,0
Maroon 5 feat. Cardi B,0,0,0,0,1,0,0,0,0,0,0,0,0,0,0,0,0,0,0,0,0,0,0,0,0,1
Maroon 5 feat. Christina Aguilera,0,1,0,0,0,1,0,0,0,0,0,1,1,0,0,0,0,0,1,0,0,0,1,0,0,0
Marque,0,0,0,1,0,1,0,0,0,0,0,0,1,0,0,0,1,0,0,0,0,0,0,0,1,0
Marshmello & Anne-Marie,1,0,2,0,0,0,0,0,0,0,0,0,0,0,0,0,0,0,0,0,0,0,0,0,0,0
Martin Garrix,0,0,0,0,0,0,0,0,0,0,0,0,0,0,0,0,0,0,0,0,0,0,0,0,0,1
Martin Garrix feat. Bono & The Edge,0,0,0,0,0,0,0,0,0,0,0,0,0,1,0,0,0,1,0,0,1,0,0,0,0,1
Martin Garrix feat. Dean Lewis,0,1,0,1,0,0,0,1,0,0,0,1,0,0,0,1,0,1,0,0,0,0,0,0,0,0
Martin Jensen x Alle Farben & Nico Santos,0,0,1,0,0,0,0,0,0,0,0,0,0,0,0,0,1,0,0,0,0,0,0,0,0,1
Martin Solveig / Dragonette,0,0,0,0,2,0,0,0,1,0,0,0,0,0,0,1,0,0,0,1,0,0,0,0,2,0
Mary J. Blige,0,0,1,0,0,1,0,0,0,0,0,1,0,1,0,0,0,2,0,0,1,0,0,0,2,0
Mary J. Blige / U2,0,0,0,0,0,0,0,0,0,0,0,0,0,0,0,0,0,0,0,0,0,0,1,0,0,0
Masked Wolf,0,0,0,1,0,0,0,0,0,0,1,0,0,0,0,0,0,0,0,0,0,0,0,0,1,0
Master KG ft. Nomcebo Zikode,0,2,1,2,1,2,0,1,1,1,2,1,2,1,1,1,2,0,1,1,0,1,0,1,2,1
Matakustix,0,1,0,0,0,0,0,1,0,0,0,1,0,0,1,1,0,0,0,0,0,0,0,0,0,0
Mathea,0,0,0,0,1,1,1,0,0,1,0,0,1,0,0,0,0,0,0,1,0,0,0,0,0,1
Mattafix,0,0,0,0,0,1,0,0,1,0,0,0,0,0,0,0,0,0,0,2,0,0,0,0,0,0
Matthias Reim,0,0,0,0,0,0,0,0,0,0,0,0,0,0,0,0,0,0,0,0,0,0,0,1,0,0
Max Giesinger,0,0,0,0,0,0,0,0,0,0,0,0,0,0,0,1,0,0,0,0,0,0,0,0,0,0
Meat Loaf,0,0,0,0,0,1,1,2,0,0,0,1,0,1,0,1,0,1,0,0,1,0,0,1,0,0
Meduza & Dermot Kennedy,3,2,2,3,3,2,2,1,3,2,2,0,2,3,3,1,3,2,1,1,2,3,2,0,3,2
Meghan Trainor,0,2,0,0,0,0,0,1,0,2,1,0,0,1,1,0,0,0,0,1,1,0,1,0,0,0
Melanie Fiona,1,0,0,0,0,1,0,0,0,1,0,0,0,0,2,0,0,0,0,1,0,0,0,0,0,2
Melissa Etheridge,0,0,0,1,0,0,0,0,1,0,0,0,1,0,0,0,0,1,0,1,0,0,0,0,1,0
Mella Casata,2,2,0,1,0,2,3,1,1,1,0,1,1,3,1,1,1,1,2,1,3,0,2,0,0,2
Men At Work,0,0,0,0,0,0,0,1,0,0,0,0,0,0,0,0,0,0,2,0,0,0,0,0,0,1
Meredith Brooks,0,0,0,0,1,0,0,0,0,0,1,0,0,1,0,0,0,0,0,2,0,0,0,1,0,0
Mess,0,0,0,0,0,0,0,0,0,0,0,0,0,0,0,0,0,0,0,0,0,1,0,0,0,0
Metallica,0,0,1,0,0,0,2,1,0,0,0,0,2,1,0,0,0,1,0,1,1,0,0,2,0,0
Michael Bublé,2,0,0,0,2,1,0,0,0,0,2,0,0,0,0,0,1,0,0,0,0,0,1,0,0,0
Michael Jackson,0,4,2,0,2,1,2,0,3,2,2,1,3,1,1,1,1,1,3,1,2,0,2,2,2,0
Michael Patrick Kelly,0,0,0,0,0,0,1,1,0,0,0,0,0,0,1,0,1,0,0,0,0,0,0,0,0,0
Michael Russ,0,0,0,0,0,0,0,0,0,0,0,0,0,0,0,0,0,0,0,0,0,0,0,0,0,1
Michael Sembello,0,0,0,0,0,0,0,0,1,0,0,0,0,0,0,0,0,2,0,0,0,0,1,0,0,0
Michael Tschuggnall,0,0,0,0,0,0,0,0,0,0,0,1,0,0,0,0,0,0,0,0,0,0,0,0,0,0
Midge Ure,0,0,1,1,0,0,0,0,0,0,0,0,0,0,0,0,1,0,0,0,0,0,0,0,0,0
Midnight Oil,0,1,0,0,0,0,0,0,0,1,0,0,0,0,1,1,0,0,0,0,0,0,0,0,2,0
Mika,0,0,0,0,0,0,0,0,0,0,0,1,0,0,0,0,0,0,0,0,0,0,0,0,0,0
Mike & the Mechanics,0,0,0,0,0,0,0,2,0,0,0,0,0,1,0,0,0,0,0,1,0,0,0,0,1,0
Mike Oldfield / Maggie Reilly,0,0,0,0,0,1,0,0,0,2,0,0,0,0,0,0,1,0,0,0,0,0,1,0,0,0
Mike Vallas,0,0,0,1,0,0,0,1,0,0,0,0,1,1,0,0,0,0,1,0,0,0,0,0,1,1
Mikolas Josef,0,0,0,0,0,0,0,0,0,0,0,0,0,0,0,0,0,0,0,0,0,1,0,0,0,0
Milestones,0,0,0,0,0,0,0,0,0,0,0,0,0,0,0,0,0,0,0,0,0,0,1,0,0,0
Miley Cyrus,3,4,0,4,4,3,3,2,3,4,3,2,2,4,3,2,3,4,3,0,3,3,3,2,3,0
Miley Cyrus ft. Stevie Nicks,0,0,0,0,0,0,1,0,0,0,0,0,0,0,0,0,0,0,0,0,1,0,0,0,0,0
Milk And Honey,0,0,0,0,0,0,0,0,0,0,0,0,0,0,0,0,0,0,0,0,0,1,0,0,0,0
Milky Chance,0,0,0,0,0,0,0,0,0,0,0,1,0,0,0,0,0,0,0,0,0,0,0,0,0,0
Milow,3,1,1,2,2,2,0,2,0,3,2,1,3,1,3,2,2,2,1,2,2,2,1,1,1,1
Minisex,0,0,0,0,0,0,0,0,0,0,0,0,0,0,0,0,0,0,0,0,0,0,0,1,0,0
Mo,0,0,0,1,0,0,0,0,0,0,1,0,0,0,1,0,1,0,0,0,0,0,0,0,1,0
Mondscheiner,0,0,0,0,0,0,0,0,0,0,0,0,1,0,0,0,0,0,0,0,0,0,0,0,1,0
Moss feat. Zoë,0,0,0,0,1,0,0,0,0,0,0,0,0,0,0,0,0,0,1,0,0,1,0,0,0,1
Mount & Emdey,0,0,0,0,1,0,0,0,0,0,0,0,0,0,0,0,0,0,0,0,0,1,0,0,0,0
"Mount, Emdey & Alessia Labate",0,0,0,0,0,0,0,0,0,0,0,0,0,0,0,0,0,0,0,0,1,0,0,0,0,0
Mousse T. vs. Hot'n' Juicy,0,0,0,0,0,0,0,0,0,0,0,0,0,0,0,0,0,0,0,0,0,0,0,1,0,0
Mr. Big,1,0,0,0,0,1,0,1,0,0,1,0,0,0,1,0,0,1,0,0,1,0,2,1,1,0
Mr. Mister,0,0,0,0,0,2,0,0,0,0,0,0,0,1,0,0,0,2,0,0,0,0,0,0,1,0
Mr. President,0,0,0,0,0,0,0,0,0,0,0,0,0,0,0,0,0,0,0,1,0,0,0,1,0,0
Mr. Probz,0,2,0,0,1,0,0,0,1,0,0,0,0,1,0,0,2,0,0,0,0,0,1,0,2,0
Mumford & Sons,0,0,0,0,0,1,0,0,0,1,1,0,0,0,0,0,0,0,0,1,0,0,0,0,0,0
Murray Head,0,0,0,0,0,0,0,0,0,0,0,0,0,0,0,0,0,2,0,0,0,0,0,0,1,0
Måneskin,0,0,0,0,0,0,0,0,0,0,0,0,0,0,0,0,0,0,0,0,0,1,1,0,1,1
Måns Zelmerlöw,0,0,0,0,0,0,0,0,0,0,0,1,0,0,0,0,0,0,0,0,1,1,0,0,0,0
Möwe,0,0,0,0,1,0,0,0,0,0,1,1,0,0,0,0,0,0,0,0,1,0,0,0,0,1
Möwe & Daniel Nitt,0,1,0,1,0,0,0,0,1,0,0,0,0,0,0,1,1,0,0,0,0,0,0,0,0,0
Möwe Feat. Conor Maynard & RANI,0,0,0,0,0,1,0,0,0,0,0,0,1,0,0,0,0,0,1,0,0,0,1,0,0,0
Möwe feat. 3Angle & Norah B.,0,0,0,0,1,0,0,0,0,0,0,0,0,0,0,1,0,0,0,0,0,0,0,0,0,0
Möwe feat. Emy Perez,0,0,1,0,0,1,1,0,0,1,0,1,0,0,0,0,0,0,0,1,0,1,0,0,0,1
Möwe feat. Lisa Pac,0,0,0,0,0,0,0,0,0,0,0,0,0,0,0,0,1,0,0,0,0,0,0,0,0,0
Nancy Sinatra,0,1,0,0,0,0,0,0,0,0,0,0,0,0,0,0,0,0,0,0,0,0,0,0,0,0
Nancy Sinatra / Frank Sinatra,0,0,0,0,0,0,0,0,0,0,0,0,0,0,0,1,0,0,0,0,0,0,0,0,0,0
Natalie Imbruglia,1,0,0,0,0,0,0,0,1,0,0,0,1,0,0,0,0,0,0,1,0,0,0,0,0,0
"Nathan Evans, 220 Kid & Billen Ted",3,2,4,4,2,3,3,3,2,3,4,2,2,4,3,2,3,4,2,3,3,3,2,2,4,3
Nathan Trent,0,0,2,0,1,0,0,2,2,1,0,1,1,1,0,0,0,1,0,1,0,1,2,1,1,1
Nathan Trent & J-Mox,0,0,0,0,0,0,0,0,0,0,0,0,0,0,0,0,0,0,0,1,0,0,0,0,0,0
Nazareth,0,1,0,0,0,0,0,0,0,0,0,0,1,0,0,0,0,0,0,0,0,0,0,0,0,0
Nea,0,0,0,0,0,0,0,0,1,0,0,0,0,0,0,1,0,0,0,1,0,0,1,0,0,0
Nek,0,0,0,1,0,0,0,0,0,2,0,0,0,0,1,0,0,0,1,0,0,0,0,0,0,0
Nelly Furtado,0,0,1,0,0,1,0,0,0,2,0,1,1,0,1,0,0,1,0,0,0,0,0,1,0,1
Nena,0,0,0,0,0,0,0,0,0,0,1,0,0,0,0,0,0,1,0,0,0,0,0,0,1,0
Nena / Kim Wilde,0,0,0,0,0,0,0,0,0,0,0,0,2,0,0,0,0,0,0,0,0,0,0,1,0,0
Netta,0,0,0,0,0,0,0,0,0,0,1,0,0,0,0,0,0,0,0,0,1,0,0,0,0,0
New Radicals,0,0,0,0,0,0,0,0,0,0,0,0,0,0,0,0,0,0,0,0,0,0,1,0,0,0
Nick Kamen,0,2,0,0,1,1,1,0,1,0,0,0,0,1,0,2,0,0,0,0,1,0,0,1,0,0
Nick Le Funk & AJ Jordan,0,0,0,0,0,1,0,0,0,0,0,0,0,0,0,0,0,0,0,0,0,0,0,0,0,1
Nickelback,1,0,0,3,1,3,0,1,1,2,2,1,3,0,3,3,3,3,0,2,0,2,1,2,1,0
Nico & Vinz feat. Kid Ink & Bebe Rexha,0,2,0,0,1,0,1,0,1,0,0,2,0,0,2,0,0,2,1,0,0,0,0,0,0,0
Nico Santos,1,2,0,1,0,1,0,1,0,1,1,0,0,1,1,2,0,0,1,0,1,2,0,1,0,0
Nico Santos & Topic,0,1,2,1,2,2,1,1,0,1,2,0,1,2,0,0,2,1,1,1,1,1,1,0,1,2
Nicole,0,0,0,0,0,0,0,0,0,0,0,0,0,0,0,0,0,0,0,0,0,1,0,0,0,0
Nihils,0,0,0,0,0,0,0,0,0,0,0,0,1,0,0,0,0,0,0,0,0,0,0,0,0,0
Nik Kershaw,0,0,0,1,0,0,0,2,0,0,0,0,1,0,0,0,1,0,0,0,1,0,0,0,1,0
Nirvana,1,0,0,0,1,0,0,1,0,2,0,0,1,0,0,1,1,0,0,0,1,1,0,2,0,0
No Doubt,0,0,0,0,0,0,0,0,0,0,0,0,2,0,0,0,0,0,0,1,0,0,2,0,0,0
No Mercy,0,0,0,0,0,0,0,0,0,0,0,0,0,0,0,0,0,0,0,0,0,0,0,1,0,0
Norah Jones,0,0,0,0,1,0,0,0,0,0,0,0,0,0,0,0,0,0,0,0,0,0,0,0,0,0
O-Zone,0,0,0,0,0,0,0,0,0,0,0,0,0,0,0,0,0,1,0,0,0,0,0,0,0,0
OPM,0,0,0,0,0,1,0,0,0,0,0,0,0,0,1,0,0,0,1,0,0,0,0,0,0,0
Oasis,0,0,0,0,0,1,0,0,1,0,1,0,1,0,0,0,1,0,0,0,1,0,1,1,0,0
Of Monsters and Men,0,0,0,0,0,0,0,1,0,1,0,1,0,0,0,1,0,0,0,2,0,0,0,0,0,0
Ofenbach,0,0,0,0,0,0,0,0,0,0,0,0,1,0,0,0,0,0,0,0,0,0,0,0,0,0
Ofenbach & Quarterhead  feat. Norma Jean Martine,1,1,3,2,0,2,0,1,2,1,2,1,0,1,1,2,1,1,0,3,0,1,2,1,1,0
Ofenbach feat. Lagique,0,0,0,1,0,0,0,0,0,0,1,0,0,0,0,0,0,1,0,0,0,0,0,0,1,0
Ofenbach vs. Nick Waterhouse,0,0,0,0,0,0,0,0,0,0,1,0,0,0,0,0,0,0,0,0,0,0,0,0,0,0
Olivia Rodrigo,0,0,0,2,0,0,1,0,0,0,1,0,0,0,0,0,0,1,0,0,0,0,0,0,2,0
Olly Murs,0,0,1,0,0,0,0,0,0,0,0,0,0,0,0,0,1,0,0,0,0,0,0,0,0,0
Olly Murs / Rizzle Kicks,0,0,0,0,0,0,0,0,0,0,0,0,0,0,0,0,1,0,0,0,0,0,0,0,0,0
Olsen Brothers,0,0,0,0,0,0,0,0,0,0,0,0,0,0,0,0,0,0,0,0,0,1,0,0,0,0
Omi,0,0,0,0,0,0,0,0,0,1,0,0,0,0,0,0,0,0,0,0,0,0,0,0,0,0
One Direction,1,0,0,0,0,2,1,1,0,0,1,2,0,1,1,1,0,0,0,0,0,0,0,0,1,1
OneRepublic,3,0,1,1,1,1,0,1,1,0,3,0,2,0,3,1,2,3,2,0,1,2,1,0,2,1
Onk Lou,2,4,2,2,3,4,3,2,3,3,3,3,3,2,1,2,1,3,2,1,3,1,2,1,1,3
Opus,0,0,0,0,1,1,0,0,0,0,1,0,1,2,0,1,0,0,0,0,1,0,0,1,0,0
Opus feat. Falco,0,1,0,0,0,0,0,0,0,0,0,0,0,0,0,0,0,0,0,0,0,0,0,0,0,0
Orchestral Manoeuvres in the Dark,0,0,1,1,0,0,0,0,0,0,0,0,0,0,0,0,0,0,0,0,0,0,0,0,0,0
Oska,0,1,1,1,1,2,1,0,1,1,0,2,2,1,0,2,1,1,1,1,1,0,1,1,1,1
Ostbahn-Kurti &  Die Chefpartie,0,0,1,0,0,0,0,0,1,0,0,0,0,0,0,0,1,0,0,0,0,0,0,0,1,0
Ostbahn-Kurti & Die Chefpartie,0,1,0,1,0,0,0,0,1,1,0,0,1,0,0,1,0,1,0,1,0,0,0,1,0,0
Owl City,0,0,0,1,0,0,0,0,0,0,0,1,0,0,0,0,0,0,0,0,0,1,0,0,0,0
Ozzy Osbourne,0,0,0,0,0,0,0,0,1,0,0,0,0,0,0,0,0,0,0,0,0,0,0,0,0,0
Paenda,0,1,0,0,0,0,0,0,0,0,0,0,0,1,0,0,0,0,0,0,0,0,0,0,0,0
Panic! At The Disco,0,0,1,0,0,1,0,2,0,0,0,0,0,0,0,0,1,0,1,0,0,0,1,0,1,1
Papermoon,0,0,0,1,0,0,0,0,0,1,0,0,0,0,1,0,1,1,1,0,0,0,0,0,1,0
Parov Stelar,0,0,0,0,0,1,1,1,0,0,1,1,0,1,0,1,1,0,0,2,0,0,0,0,0,1
Parov Stelar Feat. Marvin Gaye,0,0,0,0,0,0,0,0,0,0,1,0,0,0,0,0,0,0,0,0,0,0,0,0,0,0
Parov Stelar feat. Graham Candy,0,0,0,0,0,0,1,0,0,0,0,0,0,0,0,0,0,0,0,0,0,0,0,0,0,0
Parov Stelar feat. Lilja Bloom,0,0,0,0,0,0,0,0,0,0,0,0,0,0,0,0,0,0,0,0,0,0,0,1,0,0
Parov Stelar ft. Lilja Bloom & Anduze,0,0,0,0,1,0,0,0,1,0,0,0,0,0,0,0,0,0,0,0,0,0,0,0,0,0
Passenger,0,0,1,0,2,0,0,0,2,0,0,0,0,0,1,1,0,0,0,0,0,0,1,0,0,0
Pat Benatar,0,1,0,0,1,0,0,0,0,0,0,0,0,0,0,0,0,0,0,0,0,0,0,0,0,0
Patrick Swayze,0,0,0,0,0,1,0,0,0,0,0,0,0,0,0,0,0,0,0,0,0,0,0,0,0,0
Patti Smith,0,0,0,0,0,0,0,0,2,0,0,0,1,0,0,0,0,0,0,0,0,0,1,0,0,0
Paul McCartney / Michael Jackson,0,0,0,0,0,0,0,0,0,0,0,0,0,0,0,0,0,0,0,0,0,0,0,1,0,0
Paul Simon,0,0,0,0,0,0,0,0,1,0,0,0,0,0,0,0,0,0,0,0,0,0,0,0,0,0
Paul Young,0,0,0,0,0,0,0,0,0,0,0,0,0,0,0,0,1,0,0,0,0,0,0,0,0,0
Pedro Capo & Farruko,1,2,1,2,1,2,2,1,1,1,2,1,0,3,0,1,2,1,1,2,1,1,1,1,0,1
Pet Shop Boys,0,1,0,0,0,0,0,0,0,0,0,0,1,0,0,0,0,1,0,0,0,0,0,0,1,0
Peter Cornelius,1,0,1,0,1,1,1,1,0,0,2,0,1,1,1,0,1,0,0,1,1,0,0,0,0,1
Phantom Planet,0,0,0,0,0,0,1,0,0,0,0,0,0,1,0,0,0,0,2,0,0,0,0,0,0,0
Pharrell Williams,0,1,0,1,0,2,0,0,1,0,2,0,0,1,0,1,0,2,0,0,1,0,1,0,1,2
Phil Collins,0,0,1,0,0,0,1,0,1,2,0,0,2,2,1,0,0,1,1,1,0,0,1,1,0,1
Pink,2,1,2,1,2,1,2,0,1,1,2,0,2,2,1,1,2,1,3,1,2,1,3,1,0,3
Pink & Willow Sage Hart,3,2,2,4,3,2,2,2,2,3,3,2,2,3,2,2,2,3,2,3,3,2,2,2,4,2
Pink / Nate Ruess,0,0,0,0,0,1,0,0,0,0,0,2,0,0,0,0,0,0,0,0,0,0,0,0,1,0
Pink Floyd,0,0,0,0,0,0,0,0,0,0,0,1,1,0,0,0,0,1,0,0,0,0,0,0,0,0
Pink feat. Cash Cash,0,1,1,0,1,0,1,1,0,1,1,1,1,1,0,0,0,2,1,1,0,0,0,0,1,0
Pitbull,1,0,0,0,2,0,0,0,0,2,0,0,0,0,0,0,0,2,0,0,0,0,1,0,2,0
Pitbull / Christina Aguilera,0,2,0,0,0,0,2,0,0,0,0,0,1,0,0,0,0,0,0,0,0,2,0,0,0,0
Pitbull feat. Ke$ha,0,1,0,0,0,0,2,0,0,0,0,0,0,0,0,0,2,0,0,0,0,0,2,0,0,0
"Pitbull feat. Ne-Yo, Afrojack & Nayer",0,0,0,1,0,0,0,0,0,0,0,0,0,1,0,0,1,0,0,0,0,0,0,0,2,0
Pizzera & Jaus,2,2,4,4,4,3,4,3,3,3,4,3,1,2,2,3,3,2,3,3,3,3,1,2,4,4
Polarkreis 18,0,0,0,0,0,0,0,0,0,0,0,0,0,0,0,0,0,0,0,0,0,1,0,0,0,0
Polina Gagarina,0,0,0,0,0,0,0,0,0,0,0,0,0,0,0,0,0,0,0,0,0,1,0,0,0,0
Poptracker feat. Ariana,0,0,0,0,1,0,0,0,0,0,0,0,0,0,0,0,0,0,1,0,0,0,0,0,1,1
Poptracker feat. Nathan Trent,1,0,0,0,0,0,1,0,0,0,0,0,0,0,0,0,0,0,0,0,0,0,0,0,0,0
Popwal,0,0,0,0,0,0,0,0,0,0,0,0,0,0,0,0,0,0,0,0,0,0,0,0,0,1
Post Malone,2,2,2,0,0,2,1,2,0,1,1,2,1,1,1,1,2,0,1,1,0,2,1,0,1,2
Pras Michel feat. ODB & Mya,0,0,0,0,0,0,0,0,0,0,0,0,0,0,0,0,0,0,0,0,0,0,0,1,0,0
Prince,0,0,0,1,0,0,1,0,0,0,0,0,0,1,0,0,1,0,0,0,0,0,0,1,1,0
Prince Ital Joe feat. Marky Mark,0,0,0,0,0,0,0,0,0,0,0,0,0,0,0,0,0,0,0,0,0,0,0,1,0,0
Procol Harum,0,0,0,0,0,0,0,0,0,0,0,0,0,0,0,1,0,0,0,0,0,0,0,0,0,0
Puddle of Mudd,0,0,0,0,0,0,0,0,0,1,0,0,0,0,0,0,0,0,0,0,0,0,0,0,0,0
Puff Daddy & Faith Evans,0,0,0,0,0,0,0,0,0,0,0,0,0,1,0,0,0,0,0,0,0,0,0,1,0,0
Pulp,0,0,0,0,0,0,0,0,0,0,0,0,0,0,0,0,0,0,1,0,0,0,0,1,0,0
Pur,0,0,0,0,0,0,0,0,0,0,0,0,0,1,0,0,0,0,0,0,0,0,0,0,0,0
Purple Disco Machine & Sophie and the Giants,1,3,2,2,1,2,2,3,1,3,3,2,0,2,3,1,1,2,3,2,3,1,2,2,1,0
Purple Disco Machine feat. Moss Kena & The Knocks,2,2,1,1,1,1,1,2,3,0,0,3,0,2,3,1,2,1,0,2,1,3,2,0,3,2
Queen,0,2,1,2,1,1,2,2,1,1,2,0,3,2,1,1,2,0,2,2,0,0,0,3,1,2
Queen / David Bowie,0,1,0,0,0,0,0,0,0,0,0,1,0,0,0,0,0,0,0,0,0,2,0,0,0,0
R. City feat. Adam Levine,0,0,0,2,0,0,0,0,0,1,0,0,1,0,0,0,0,0,0,2,0,0,0,2,0,0
R.E.M.,0,1,1,1,0,0,0,1,1,0,0,1,0,1,0,0,2,0,2,0,0,0,0,2,0,0
RIAN,1,0,1,1,1,1,0,1,0,2,1,0,1,1,1,1,0,0,1,1,2,1,0,1,1,1
Rachel Platten,1,0,1,0,0,0,0,0,1,2,0,0,2,0,0,0,1,0,1,1,1,0,0,1,1,0
Radiohead,0,0,0,0,0,0,0,0,0,0,0,0,0,0,0,1,0,0,0,0,0,0,0,0,0,0
Rag'n'Bone Man,2,1,3,2,0,2,3,2,1,1,3,3,0,3,3,3,3,2,4,2,3,3,1,2,2,2
Rag'n'Bone Man & Pink,0,0,1,0,0,1,1,0,1,1,0,1,0,0,1,0,0,0,0,0,2,0,0,0,1,0
Rainhard Fendrich,0,1,0,1,0,1,2,3,0,1,3,2,1,0,0,1,1,1,0,1,1,1,1,0,2,1
Rammstein,0,0,0,0,0,0,0,0,0,0,0,0,0,0,0,0,0,0,0,0,1,0,0,0,0,0
Ray Parker Jr.,0,0,0,0,0,0,0,0,0,0,0,0,0,0,0,0,0,0,0,0,0,0,0,0,1,0
Rea Garvey,1,0,1,0,0,3,0,1,1,0,1,2,2,1,2,1,2,1,1,1,1,1,2,2,2,0
Rea Garvey & VIZE,3,3,2,4,3,3,2,3,2,3,3,4,2,2,3,2,3,3,2,3,2,4,2,1,3,4
Reamonn,0,0,0,1,0,0,0,0,0,0,0,0,0,0,0,0,0,0,0,0,0,0,0,0,0,0
Red Hot Chili Peppers,1,0,1,2,0,2,0,2,1,0,1,0,1,0,1,1,1,2,0,0,2,1,0,1,0,0
Rednex,0,0,0,0,0,0,0,0,0,0,0,0,0,0,0,0,0,0,0,0,0,0,0,1,0,0
Reel 2 Real feat. The Mad Stuntman,0,0,0,0,0,0,0,0,0,0,0,0,0,0,0,0,0,0,0,0,0,0,0,1,0,0
Regard,0,0,0,1,0,0,0,0,0,0,0,0,0,0,0,0,0,0,0,0,0,0,0,0,0,0
Reinhard Mey,0,0,0,0,0,0,0,0,0,0,0,0,0,1,0,0,0,0,0,0,0,0,0,0,0,0
Rene Rodrigezz feat. Lova,0,0,0,0,0,0,0,0,0,0,0,0,0,0,0,0,0,0,0,0,0,0,0,0,1,0
Ricky Martin,0,0,0,0,0,0,0,0,0,0,0,0,0,0,0,0,0,0,0,0,0,0,0,1,0,0
Rihanna,2,0,0,0,2,0,0,1,0,2,0,0,1,0,0,0,1,0,1,2,0,0,0,1,1,0
Rihanna / Calvin Harris,0,0,1,0,0,0,0,0,0,0,1,0,0,0,0,0,0,0,0,0,0,0,0,0,0,0
Rihanna and Kanye West and Paul McCartney,0,0,0,1,0,0,0,0,1,1,0,0,0,0,0,0,0,0,0,0,0,1,0,1,0,0
Rihanna feat. Jay-Z,1,0,0,0,0,0,0,0,0,0,2,0,0,0,1,0,2,0,0,0,0,0,0,1,0,0
Rita Ora & Möwe,0,0,0,0,0,0,0,0,0,0,0,0,0,0,0,0,0,0,0,0,1,0,0,0,0,0
Riton x Nightcrawlers ft. Mufasa & Hypeman,0,0,0,1,0,0,0,0,0,0,1,0,0,0,0,0,0,1,0,0,1,0,0,0,1,0
Ro Bergman,0,0,0,0,0,0,0,0,0,0,0,0,0,0,0,0,0,0,0,1,0,0,0,0,0,0
Roachford,0,0,0,1,0,0,0,0,0,0,0,0,0,0,0,0,0,0,0,0,0,0,1,0,0,0
Robbie Williams,3,0,2,1,2,2,1,2,0,2,1,3,1,3,0,1,1,1,0,1,2,3,1,2,1,1
Robert Miles,0,0,0,0,0,0,1,0,0,0,0,0,0,0,0,0,0,0,0,0,0,0,0,1,0,0
Robert Palmer,0,0,0,0,1,0,0,0,0,0,0,0,0,0,0,0,0,0,0,0,0,0,0,0,0,0
Robert Palmer / UB40,0,0,0,0,0,0,0,0,0,0,0,0,0,0,0,0,0,0,0,0,0,0,1,0,0,0
Robin Resch,0,0,0,0,0,1,0,0,0,0,0,0,0,0,0,0,0,0,0,0,0,0,0,0,0,0
Robin Schulz & Felix Jaehn ft. Alida,3,1,3,2,2,1,2,3,3,2,2,3,1,2,2,2,2,1,2,3,3,2,1,2,2,1
Robin Schulz & Marc Scibilia,0,1,0,1,1,0,1,0,0,0,1,0,0,0,1,1,0,0,1,1,0,0,2,0,0,1
Robin Schulz & Wes,0,0,0,0,0,0,0,0,0,0,0,0,0,0,0,0,0,0,0,0,0,0,0,0,1,0
Robin Schulz feat. Alida,1,1,2,0,2,1,0,1,0,2,1,0,1,0,2,0,0,0,2,1,0,1,1,0,0,1
Robin Schulz feat. Francesco Yates,0,0,0,0,0,0,0,0,0,0,0,0,0,0,0,0,0,0,0,0,0,0,0,0,0,1
Robin Schulz feat. Harloe,0,0,0,0,0,0,0,0,0,0,0,0,1,0,0,0,0,1,0,0,0,0,0,0,0,0
Robin Schulz feat. Ilsey,0,0,0,0,0,0,0,0,0,0,0,0,0,0,0,0,0,0,0,0,0,0,0,0,0,1
Robin Schulz feat. Jasmine Thompson,0,0,0,0,0,0,0,0,0,0,0,0,0,1,0,0,0,0,0,0,0,0,0,0,0,0
Robin Schulz feat. Kiddo,0,2,1,2,0,2,1,0,3,2,0,1,1,1,0,0,0,2,1,1,1,0,0,0,1,1
Rod Stewart,0,0,0,0,0,1,0,0,0,0,1,0,0,0,0,1,0,0,0,0,0,0,0,0,0,0
Roger Cicero,0,0,0,0,0,0,0,0,0,0,0,0,0,0,0,0,0,0,0,0,0,1,0,0,0,0
Ronan Keating,0,0,0,0,1,0,0,0,0,0,0,0,0,0,0,0,0,0,0,0,0,0,0,0,0,0
Roxette,1,2,2,1,3,1,1,0,3,3,0,2,2,2,2,1,2,1,1,2,2,1,0,3,3,1
"Rudimental feat. Jess Glynne, Macklemore",1,0,0,0,0,0,0,0,0,0,0,0,0,0,0,0,1,0,0,0,0,0,0,0,0,0
"Rudimental feat. Jess Glynne, Macklemore & Dan Ca",0,0,0,0,0,1,0,0,0,0,0,0,0,0,0,0,0,0,0,0,0,0,0,0,0,0
Rufus & Chaka Khan,0,0,0,0,0,0,0,0,1,0,0,0,0,0,0,0,0,0,0,0,0,0,0,0,0,0
Run-D.M.C. vs. Jason Nevins,0,0,0,0,0,0,0,0,0,0,0,0,0,0,0,0,0,0,0,0,0,0,0,1,0,0
STS,2,0,1,1,1,2,0,1,0,3,0,2,1,2,0,1,4,0,3,1,1,1,0,3,0,0
Saint Privat,0,0,0,0,0,0,0,0,0,0,1,0,0,0,0,0,0,0,0,0,0,0,0,0,0,0
Sam Feldt & Möwe feat. Karra,0,0,0,0,0,0,0,0,0,0,0,0,0,0,0,0,0,0,0,1,0,0,0,0,0,0
Sam Smith,0,0,0,0,0,0,1,0,0,0,0,0,0,1,0,0,0,1,0,0,0,0,2,0,1,0
Sam Smith & Normani,0,0,0,0,0,0,0,0,0,0,0,0,0,0,0,0,0,0,0,0,0,0,0,0,1,0
Sandie Shaw,0,0,0,0,0,0,0,0,0,0,0,0,0,0,0,0,0,0,0,0,0,1,0,0,0,0
Santana feat. Rob Thomas,0,0,0,0,0,0,0,0,0,0,0,0,2,0,1,0,0,0,0,0,0,0,1,0,0,0
Sasha,0,0,0,1,0,0,0,0,0,0,0,1,0,0,0,0,0,0,0,0,0,0,0,2,0,0
Savage Garden,0,0,0,0,0,0,0,0,0,0,0,0,0,0,0,0,0,0,1,0,0,0,2,0,0,0
Scatman John,0,0,0,0,0,0,0,0,0,0,0,0,0,0,0,0,0,0,0,0,0,0,0,1,0,0
Scissor Sisters,0,0,0,0,0,0,0,0,0,1,0,0,0,0,0,0,0,0,0,0,0,0,0,0,0,0
Scorpions,0,0,0,0,0,1,0,0,0,0,0,0,0,0,1,0,0,0,0,1,0,0,0,1,0,1
Sean Paul,0,0,0,0,0,0,0,2,0,0,0,0,0,0,1,0,0,0,0,2,0,0,0,0,0,2
Seeed,0,0,0,1,0,0,0,0,0,0,0,0,0,0,0,0,0,0,0,0,0,0,0,0,0,0
Seiler und Speer,1,3,1,4,4,3,1,2,2,1,3,2,1,1,3,3,3,4,4,2,3,3,2,3,3,2
Seiler und Speer  feat. Wolfgang Ambros,0,0,0,0,0,0,0,0,0,0,0,0,0,0,0,0,0,0,0,0,0,0,1,0,0,0
Shaggy feat. Rayvon,1,0,0,0,0,0,0,1,0,0,0,0,0,0,1,0,0,0,0,0,0,0,0,0,0,0
Shaggy feat. RikRok,0,0,0,0,0,0,0,0,0,0,1,0,0,0,0,0,0,0,0,0,0,0,0,0,0,0
Shakira,0,0,0,1,0,0,0,0,0,0,1,0,0,0,0,0,0,1,0,0,1,0,0,0,0,0
Shakira / Dizzee Rascal,0,0,1,0,0,0,0,0,0,0,0,0,0,0,0,0,0,0,0,0,0,0,0,0,0,0
Shakira / Freshlyground,1,0,0,0,0,0,0,1,2,0,0,0,0,1,0,0,0,1,1,0,0,0,0,0,2,0
Shakira / Wyclef Jean,0,0,0,0,0,0,2,0,0,0,1,0,0,0,0,0,1,0,0,1,0,0,0,0,0,0
Shaleela,0,0,0,0,0,0,0,0,1,0,0,0,0,0,0,0,0,0,0,0,0,0,0,0,0,0
Shania Twain,0,0,1,1,0,0,0,0,1,0,0,1,0,0,0,0,0,1,0,0,0,0,0,1,1,2
Shawn Mendes,3,1,2,1,0,2,4,0,2,0,3,3,1,1,4,2,2,0,3,1,1,3,2,1,2,3
Shawn Mendes & Camila Cabello,1,2,1,1,3,1,1,1,1,1,1,0,1,0,0,0,1,0,0,0,0,0,0,1,0,0
SheSays,0,0,0,0,0,0,0,0,0,0,1,0,0,1,0,0,0,0,0,0,0,0,0,0,1,0
Sheppard,0,1,0,0,0,0,0,0,1,0,0,0,0,0,0,2,0,0,1,0,0,0,0,1,0,0
Shirin David,0,0,0,0,0,0,0,0,0,0,0,0,0,0,0,0,0,0,0,0,0,0,0,0,1,0
Sia,1,1,4,1,1,2,1,0,2,2,2,1,0,0,2,0,1,0,1,0,2,0,0,0,2,0
Sia & Sean Paul,0,0,1,0,2,0,0,0,1,0,1,1,1,0,0,0,0,2,1,1,0,0,1,0,0,1
Sido,0,0,1,0,0,0,0,0,0,0,0,0,0,0,0,0,0,0,0,0,0,0,0,0,0,0
Sigala feat. Bryn Christopher,0,1,0,0,0,0,0,0,0,0,0,0,0,1,0,0,0,0,0,0,0,0,0,0,0,0
Sigma,1,0,1,0,0,2,0,0,0,0,0,0,0,1,0,0,0,1,0,1,1,0,0,0,0,0
Silbermond,0,0,0,1,0,0,0,0,0,0,0,0,0,0,0,0,0,0,0,0,0,0,0,1,0,0
Simon & Garfunkel,0,1,0,0,0,0,0,0,0,0,0,0,0,0,0,0,0,0,0,0,0,0,0,0,0,0
Simon Lewis,0,1,3,0,2,1,0,1,2,0,0,1,0,1,1,2,0,2,2,1,0,2,1,1,1,0
Simon Lewis feat. Onk Lou,1,0,0,0,0,0,0,0,0,0,0,0,0,0,0,0,0,0,0,0,0,0,0,0,0,0
Simple Minds,0,0,0,0,0,0,2,0,0,0,0,0,0,0,1,1,0,0,0,0,0,0,0,0,1,0
Simple Plan / Sean Paul,0,0,0,0,0,0,0,0,0,0,0,0,0,1,0,0,0,0,0,0,0,0,0,0,0,0
Sin with Sebastian,0,0,0,0,0,0,0,0,0,0,0,0,0,0,0,0,0,0,0,0,0,0,0,1,0,0
Sinéad O'Connor,0,0,1,0,0,0,0,0,1,0,0,0,0,1,0,0,0,0,0,1,0,0,1,0,0,0
Sixpence None The Richer,0,1,0,0,0,2,0,0,1,0,0,0,0,0,0,0,0,0,0,0,0,1,0,0,2,0
Skero / Joyce Muniz,0,0,0,0,0,0,1,0,0,0,0,0,0,0,0,0,0,0,0,0,0,0,0,0,0,0
Skunk Anansie,1,0,0,0,0,0,0,0,1,0,0,0,1,0,0,1,0,0,0,0,1,0,0,1,0,0
Smash Mouth,0,0,1,0,0,0,0,0,0,2,0,0,1,0,0,0,0,0,1,0,0,0,0,0,0,0
Snap!,0,0,0,0,0,1,0,0,0,0,0,0,0,0,0,0,0,0,0,0,0,0,0,2,1,0
Sniff'n' the Tears,0,0,0,0,0,0,0,0,0,0,0,0,0,0,0,0,0,0,0,1,0,0,0,0,0,0
Snow,0,0,0,0,0,0,0,0,0,0,0,0,0,0,0,0,0,0,0,0,0,0,0,1,0,0
Snow Patrol,0,0,0,1,0,0,0,0,0,0,0,0,1,0,0,0,0,0,0,1,0,0,0,0,0,0
Soft Cell,0,0,0,0,0,1,0,0,0,0,0,0,0,0,0,0,0,0,0,0,0,0,0,0,0,1
Some Sprouts,0,0,0,0,0,0,0,0,0,0,0,0,0,0,1,0,0,0,0,0,0,0,0,0,0,0
Sons Of The East,0,0,0,0,0,0,0,0,0,1,0,0,0,0,0,0,0,0,0,0,0,0,0,0,0,0
Soul Asylum,0,1,0,0,0,0,0,0,0,1,0,0,0,0,1,0,0,0,0,0,1,0,0,0,2,0
Soulsister,0,0,0,2,0,0,0,0,0,0,0,0,0,0,1,0,0,0,0,0,0,0,0,0,0,2
Spice Girls,0,0,0,0,1,1,1,0,0,0,0,0,1,1,0,0,0,0,0,0,1,0,0,1,0,0
Spin Doctors,0,0,0,0,0,0,2,0,0,1,0,0,1,0,1,0,0,1,0,0,0,0,0,1,0,0
Sportfreunde Stiller,1,0,0,1,0,0,1,0,0,0,0,0,1,0,0,0,0,1,0,1,0,0,0,0,0,0
Starship,2,1,0,0,0,1,0,0,0,1,0,0,1,0,0,0,0,1,0,0,0,1,0,1,0,1
Status Quo,0,0,0,0,0,0,0,0,0,0,0,0,1,0,0,0,0,0,0,0,1,0,0,0,0,0
Steaming Satellites,0,0,0,0,0,1,0,0,0,0,0,0,0,0,0,0,0,0,0,0,0,0,0,0,0,0
Steel Pulse,0,0,0,0,0,0,0,0,1,0,0,0,0,0,0,0,0,0,0,0,0,0,0,0,0,0
Stefan Raab,0,0,0,0,0,0,0,0,0,0,0,0,1,0,0,0,0,0,0,0,0,1,0,0,0,0
Stefanie Heinzmann,1,0,0,0,0,1,0,0,0,0,1,0,0,0,1,1,0,0,0,0,1,1,0,0,0,1
Stefanie Heinzmann feat. Alle Farben,0,0,0,0,0,0,0,0,0,0,0,0,0,0,0,0,0,2,0,0,0,0,0,0,0,0
Stefanie Werger,0,0,0,0,0,1,0,0,0,0,0,0,0,0,0,0,0,0,1,0,0,0,0,0,0,0
Steppenwolf,0,0,0,0,0,0,0,0,0,0,0,0,1,1,0,0,1,0,0,0,0,0,0,0,0,0
Stereo MC's,0,0,0,0,0,0,0,0,0,0,0,0,0,0,0,0,0,0,0,0,0,0,0,1,0,0
Steve Winwood,0,0,0,0,0,0,0,0,0,2,1,0,0,0,0,0,1,0,0,0,0,1,0,0,0,0
Stevie Wonder,0,0,0,0,0,0,0,0,0,0,0,0,0,0,0,1,0,0,0,0,0,0,0,0,0,0
Sting,0,0,0,0,1,0,0,0,0,0,0,2,0,0,0,0,0,0,1,0,0,0,1,0,0,2
Sting / Royal Philharmonic Concert Orchestra,0,0,0,0,1,0,0,0,0,0,0,0,0,0,0,0,0,0,0,0,0,0,0,0,0,0
Sugababes,1,0,0,0,0,2,0,1,1,2,0,2,1,1,1,1,0,0,0,1,0,1,0,0,0,0
Sunrise Avenue,2,3,0,2,2,2,2,1,1,3,4,2,2,3,2,2,2,3,2,2,1,2,2,0,3,2
Super-Hi feat. Neeka,0,0,0,1,0,1,1,2,0,1,0,1,1,1,3,1,2,1,2,2,2,2,0,1,1,2
Survivor,1,1,1,0,0,0,0,1,1,1,0,1,1,1,0,0,0,1,0,1,0,1,0,0,0,1
Suzanne Vega,0,0,1,0,0,0,0,0,0,0,0,0,1,0,0,0,0,0,0,2,0,0,0,0,0,0
Swedish House Mafia / John Martin,0,0,0,2,0,0,1,1,0,0,0,0,0,1,0,0,0,0,1,0,1,0,0,0,0,1
T.Rex,0,0,0,0,0,0,0,0,1,0,0,0,0,0,0,0,0,0,0,0,0,0,0,0,0,0
TLC,0,0,0,0,0,0,0,0,0,0,0,0,0,0,0,0,1,0,0,0,0,0,0,0,0,0
Tagträumer,2,1,2,0,0,1,0,0,2,2,1,2,0,1,0,1,0,1,1,1,1,1,2,1,1,1
Taio Cruz,1,2,1,0,2,2,0,0,1,2,0,0,1,1,1,0,0,0,1,2,0,2,0,3,0,0
Taio Cruz / Flo Rida,0,0,0,1,0,0,1,0,1,0,0,0,1,0,1,0,0,0,0,0,0,0,2,0,0,0
Take That,0,0,0,0,0,0,0,0,0,0,0,0,0,0,0,0,0,0,0,0,0,0,0,1,0,0
Tal Bachman,0,0,0,0,0,0,2,0,0,0,0,0,0,0,2,0,0,0,0,1,0,0,0,0,1,0
Talking Heads,0,1,0,0,0,0,0,0,1,0,0,0,0,0,0,0,0,0,0,0,0,0,0,0,0,0
Tamee Harrison,0,0,0,0,0,0,0,0,0,0,1,0,0,0,0,0,0,0,0,0,0,0,0,0,0,0
Tasmin Archer,0,0,0,0,0,0,0,0,0,0,0,0,0,0,0,0,0,0,1,0,0,0,0,0,0,0
Tate McRae,3,2,3,3,2,3,1,3,2,3,2,2,2,1,3,2,3,2,2,1,2,2,2,2,1,3
Taylor Dayne,0,0,0,0,0,0,0,0,0,0,2,0,0,0,0,0,0,0,0,0,0,0,0,0,0,0
Taylor Swift,2,2,2,2,1,2,1,1,2,1,3,3,1,1,1,4,3,0,0,1,2,3,2,0,4,2
Ten Sharp,0,0,0,0,0,0,0,0,0,0,0,1,0,0,0,0,0,0,0,0,0,0,0,0,0,0
Texas,1,0,0,0,1,0,0,0,0,0,0,1,0,0,0,0,0,2,0,0,1,0,0,0,0,2
Texas Lightning,0,0,0,0,0,0,0,0,0,0,0,0,0,1,0,1,0,0,0,0,0,0,0,0,0,0
The 5th Dimension,0,1,0,0,0,0,0,0,0,0,0,0,0,0,0,0,0,0,0,0,0,0,0,0,0,0
The All-American Rejects,0,0,0,0,0,1,0,0,0,0,0,1,0,0,0,0,0,0,2,0,0,0,0,0,0,0
The Animals,0,0,0,0,0,0,0,0,0,0,0,0,1,0,0,0,0,0,0,0,0,0,0,0,0,0
The Astronaut,0,0,0,0,0,0,0,0,0,0,0,0,0,0,0,0,0,0,0,0,1,0,0,0,0,0
The Bangles,0,0,0,0,0,0,0,0,0,0,1,0,0,1,0,0,0,0,1,0,0,0,0,0,0,1
The Beatles,0,0,0,0,0,0,0,0,0,0,0,0,1,0,0,0,0,0,0,0,0,0,1,0,0,0
The Black Eyed Peas,0,0,1,2,0,0,0,2,1,1,0,2,0,1,1,0,2,1,0,2,1,1,0,0,3,0
The Boomtown Rats,0,0,0,0,0,0,0,0,0,0,0,0,0,0,0,0,0,0,0,0,0,0,0,1,0,0
The BossHoss,1,0,0,0,0,0,0,0,0,0,0,0,0,0,0,0,0,0,0,0,0,0,0,0,0,0
The BossHoss feat. Mimi & Josy,1,2,1,3,1,2,0,2,1,1,1,2,1,1,2,1,3,0,1,2,0,1,1,0,2,2
The BossHoss feat. The Common Linnets,1,0,0,0,0,1,0,0,0,0,0,1,0,0,1,0,0,1,0,0,0,0,0,0,2,0
The Byrds,0,0,0,0,0,0,0,0,0,0,0,0,0,0,0,0,0,0,0,0,0,0,1,0,0,0
The Calling,0,0,0,0,0,0,0,0,0,0,0,1,0,0,0,0,0,0,1,0,0,0,0,0,0,0
The Cardigans,0,0,0,0,0,0,0,0,0,0,0,0,1,0,0,0,0,0,0,1,0,0,0,1,0,0
The Chainsmokers,0,0,0,0,0,0,0,0,0,0,0,0,0,0,0,0,0,0,0,0,0,0,1,0,0,0
The Chainsmokers & Coldplay,0,0,1,0,0,1,1,0,0,0,0,0,1,1,0,0,0,0,1,0,0,0,0,0,1,0
The Clash,0,0,0,0,0,0,0,0,0,0,1,0,0,0,0,0,0,0,0,0,0,0,0,0,0,1
The Common Linnets,0,0,0,0,0,0,0,0,0,0,0,1,0,0,0,0,0,1,0,0,0,1,0,0,0,0
The Connells,1,0,0,0,0,0,0,0,0,0,0,1,0,0,1,0,0,2,0,0,0,0,0,0,0,0
The Cranberries,0,0,0,0,0,0,2,0,0,0,0,0,2,0,0,2,0,0,0,0,1,0,0,1,0,0
The Cure,0,1,0,0,0,0,0,0,0,0,0,0,1,0,0,0,0,0,0,0,1,0,0,0,0,0
The Dandy Warhols,1,0,0,0,0,0,0,0,0,0,0,0,0,0,0,0,0,0,0,0,0,0,0,0,0,0
The Dixie Cups,0,0,0,0,0,0,0,0,0,0,0,0,0,0,0,0,0,0,0,0,0,0,1,0,0,0
The Doors,0,0,0,0,0,0,0,0,0,0,0,0,3,0,0,0,0,0,0,0,0,0,0,0,0,0
The Faim,0,0,0,0,0,0,0,0,0,0,0,0,0,0,0,0,0,1,0,0,0,0,0,0,0,0
The Hooters,0,0,0,0,0,0,0,0,0,0,0,0,1,0,0,0,0,0,0,0,0,0,0,0,0,0
The Human League,0,0,0,0,0,0,0,0,1,0,0,0,0,0,0,0,0,0,0,0,0,0,0,0,0,0
The Jam,0,0,0,0,0,0,0,0,0,0,0,0,0,0,0,1,0,0,0,0,0,0,0,0,0,0
The Kid Laroi,3,3,2,3,2,4,2,2,2,2,4,2,2,3,2,2,4,3,2,2,2,3,2,2,4,2
The Killers,0,0,0,0,0,0,0,0,0,0,0,0,1,0,0,0,0,0,0,0,0,0,0,1,0,0
The Les Humphries Singers,0,0,0,0,0,0,1,0,0,0,0,0,0,0,0,0,0,0,0,0,0,0,0,0,0,0
The Lumineers,0,0,0,0,0,0,0,0,0,0,1,0,0,0,0,0,0,0,0,0,0,0,0,0,0,0
The Makemakes,0,1,0,0,0,0,0,0,0,0,0,0,0,0,0,0,0,0,0,0,1,1,0,1,0,1
The Night Game,0,0,1,0,0,0,0,0,0,0,0,0,0,0,0,1,0,0,0,0,0,0,0,0,0,0
The Offspring,0,0,0,0,0,0,1,1,0,0,0,0,0,0,0,0,0,0,0,0,0,1,0,2,0,0
The Pointer Sisters,0,0,0,0,0,0,0,0,0,0,0,0,0,0,0,0,0,1,0,0,0,0,0,0,0,0
The Police,0,1,0,0,0,0,0,1,0,0,0,0,1,0,0,0,0,1,0,0,0,1,0,0,0,0
The Pretenders,0,1,0,0,0,1,0,0,0,0,0,0,0,0,0,0,0,0,0,0,0,1,0,0,1,0
The Proclaimers,0,0,0,0,0,0,2,0,0,0,0,1,0,0,0,1,0,0,0,0,0,1,0,0,0,0
The Rasmus,2,0,0,0,0,0,0,0,0,0,0,0,0,0,0,0,1,0,0,0,0,0,0,0,0,0
The Rembrandts,1,0,0,0,1,0,0,0,1,0,0,0,0,1,0,0,0,0,0,0,0,0,0,1,0,0
The Rolling Stones,0,2,0,0,0,1,0,0,0,0,0,0,2,2,0,1,0,0,0,0,0,0,1,0,2,0
The Script,0,0,0,0,0,0,0,0,0,0,0,1,0,0,0,0,0,0,0,0,0,0,0,0,0,0
The Soup Dragons,0,0,0,0,0,0,0,0,0,0,0,0,0,1,0,0,0,0,0,0,0,0,0,0,0,0
The Steve Miller Band,0,0,0,0,0,0,0,0,0,0,0,0,1,0,0,0,0,0,0,0,0,0,0,0,0,0
The Strumbellas,2,0,0,2,0,0,0,0,0,0,1,0,0,1,1,1,1,0,0,0,0,1,0,0,1,1
The Style Council,0,0,0,0,0,0,0,0,1,0,0,0,0,0,0,0,0,0,0,0,0,0,0,0,0,0
The Traveling Wilburys,0,0,0,0,0,0,0,0,0,0,0,0,0,0,0,0,0,0,0,0,0,0,1,1,0,0
The Verve,0,1,0,0,0,0,0,0,0,1,0,1,0,0,0,0,1,0,0,0,0,0,0,1,0,0
The Weeknd,4,3,4,6,2,4,5,4,3,5,4,3,3,5,4,2,4,7,3,4,4,4,2,3,5,3
The Who,0,0,0,0,0,0,0,0,0,0,0,0,2,0,0,1,0,0,0,0,0,0,0,0,0,0
The Young Rascals,0,1,0,0,0,0,0,0,0,0,0,0,0,0,0,0,0,0,0,0,0,0,0,0,0,0
Them,0,0,0,0,0,0,0,0,0,0,0,0,0,0,0,0,0,0,0,0,0,0,1,0,0,0
Thirty Seconds To Mars,0,2,1,1,0,2,1,1,0,1,0,1,0,1,1,0,1,0,0,1,0,1,1,0,0,0
Thomas David,0,0,0,0,0,1,0,0,1,0,0,0,0,0,1,0,1,1,0,1,0,1,0,1,2,1
Thomas Forstner,0,0,0,0,0,0,0,0,0,0,0,0,0,0,0,0,0,0,0,0,0,1,0,0,0,0
Thorsteinn Einarsson,0,1,1,0,1,0,0,1,0,0,1,2,0,1,1,1,1,1,2,0,0,1,0,1,0,0
Tiesto,0,0,0,1,0,0,0,0,0,1,1,0,0,0,0,0,0,1,0,0,0,0,0,0,1,0
Tim Bendzko,0,0,1,0,0,0,0,0,0,0,1,0,0,0,0,0,0,0,0,0,0,0,1,0,0,0
Timbaland feat. OneRepublic,0,0,0,0,0,0,0,0,0,0,0,0,1,0,0,1,0,0,0,0,0,0,0,0,0,0
Tina Naderer,0,1,0,0,1,0,0,1,1,0,1,0,0,0,0,0,0,0,1,0,0,0,0,0,0,0
Tina Turner,0,0,3,0,0,0,0,0,1,1,0,1,2,0,0,1,1,1,0,1,0,0,0,0,0,2
Tina Turner / David Bowie,0,0,0,0,0,1,0,0,0,0,0,0,0,0,0,1,0,0,1,0,0,0,0,0,0,0
Toby Romeo feat. Felix Jaehn & Faulhaber,0,0,0,0,0,0,0,1,0,0,0,0,0,0,1,0,0,0,0,0,0,0,0,0,0,0
Tom Cochrane,0,0,0,0,0,0,0,0,0,0,1,0,0,0,1,0,0,0,0,0,0,0,0,1,0,0
Tom Gregory,3,3,3,2,5,3,2,3,2,4,3,3,1,2,7,2,2,5,3,5,3,2,3,1,4,4
Tom Jones,0,2,0,0,0,0,0,0,0,0,0,0,0,0,0,0,0,0,0,0,0,0,0,0,0,0
Tom Jones / Stereophonics,0,0,0,0,0,0,1,0,0,0,0,0,0,0,0,0,0,0,0,0,0,0,0,0,0,0
Tom Odell,0,0,0,0,0,0,0,0,0,0,0,0,0,0,0,0,0,0,0,0,0,0,0,0,1,0
Tom Petty,0,1,0,0,0,0,0,0,0,0,0,0,1,0,0,0,0,0,0,0,1,0,0,0,0,0
Tom Petty & The Heartbreakers,0,0,0,0,1,0,0,0,0,0,0,0,0,0,0,0,0,0,0,0,0,0,0,0,0,0
Tom Walker,0,1,0,0,0,0,0,0,0,0,0,0,0,0,0,0,0,0,0,0,0,0,0,0,0,0
Tones And I,0,0,1,0,0,1,0,0,0,0,1,0,0,0,0,0,0,0,0,1,0,0,0,0,0,0
Topic feat. A7S,3,0,1,1,1,1,2,0,1,1,3,2,1,1,0,1,1,1,1,1,1,0,0,0,1,1
Toploader,1,0,0,0,0,0,0,0,0,2,0,0,0,0,0,0,0,0,0,1,0,0,0,0,0,0
Tori Amos,0,0,0,0,0,0,0,0,0,0,0,0,0,0,0,1,0,0,0,0,0,0,0,0,0,0
Toto,0,0,0,0,0,0,0,1,0,1,0,0,1,0,0,0,1,0,0,0,0,0,0,1,0,1
Toto Cutugno,0,0,0,0,0,0,1,0,0,1,0,0,0,0,0,0,0,0,0,0,0,1,1,0,0,0
Touch and Go,0,0,0,0,0,0,0,0,0,0,0,0,0,0,0,0,0,0,0,0,1,0,0,0,0,0
Tracy Chapman,0,1,0,0,0,0,0,0,0,0,0,1,0,0,0,0,0,0,1,0,0,0,1,0,0,0
Train,1,2,1,0,2,0,0,0,1,0,1,0,0,0,0,2,1,1,0,2,0,2,0,0,0,2
Twenty One Pilots,0,0,0,0,0,0,0,0,0,0,1,2,0,0,0,1,0,0,0,0,0,0,0,0,0,0
Twocolors,2,2,0,2,1,1,2,1,0,2,1,2,0,1,2,1,3,3,3,2,1,2,3,0,3,1
Tyler,0,0,0,0,0,0,0,0,0,0,0,0,0,0,0,0,1,0,0,0,0,0,0,0,0,0
U2,0,2,2,0,2,0,1,0,1,1,2,1,1,1,0,1,3,0,1,1,1,0,0,1,0,2
UB40,0,0,0,0,0,0,0,0,0,0,0,0,0,0,0,0,0,0,1,0,0,0,0,0,0,0
UB40 / Chrissie Hynde,0,0,0,0,0,0,0,0,0,0,0,0,0,0,0,1,0,0,0,0,0,0,0,0,0,0
Udo Jürgens,0,0,0,0,0,0,0,1,0,0,0,0,0,0,0,0,0,0,0,0,1,3,0,0,0,0
Udo Lindenberg,0,0,0,0,0,0,0,0,1,0,0,0,0,0,0,2,1,1,1,0,0,0,0,0,2,0
Ugly Kid Joe,0,0,0,0,0,0,0,0,0,0,0,1,0,0,0,0,0,0,1,0,0,0,0,0,1,0
Umberto Tozzi / Raf,0,0,0,0,0,0,0,0,0,0,0,0,0,0,0,0,0,0,0,1,0,1,0,0,0,0
Uncle Kracker,0,0,0,0,1,0,0,0,0,0,0,0,0,2,0,0,0,0,0,0,0,0,0,0,1,0
Unique 2,0,0,1,0,1,0,0,0,0,0,0,1,0,0,0,0,0,0,1,0,0,0,0,0,1,0
Urban Ego,0,0,0,0,0,0,0,0,0,0,0,0,0,0,0,0,0,0,0,0,0,0,0,0,0,1
Usher,0,0,0,0,0,0,0,0,0,0,0,0,0,0,0,0,0,1,0,0,0,0,0,0,0,0
Usher / Pitbull,0,0,0,0,0,0,0,0,0,0,0,0,0,0,0,0,1,0,0,0,0,0,0,0,0,0
VIZE & Tom Gregory,0,0,1,2,0,0,0,0,1,1,1,1,0,1,0,1,0,1,0,1,0,0,0,1,1,0
VIZE feat. Laniia,0,0,0,0,0,0,0,1,0,0,0,0,0,0,0,0,0,0,1,0,0,0,0,0,0,1
Van Halen,1,0,0,0,0,2,0,0,0,0,0,0,1,0,0,0,0,0,1,0,0,0,0,0,0,0
Van Morrison,0,0,0,0,0,0,0,0,1,0,0,0,0,0,0,0,0,0,0,0,0,0,0,0,0,0
Vance Joy,1,0,0,0,0,0,0,0,0,0,0,0,0,0,0,0,0,0,0,0,0,0,0,0,0,0
Vanessa Amorosi,0,0,0,0,0,1,0,0,0,0,0,0,0,0,0,0,0,0,0,0,0,0,0,0,0,0
Vanessa Carlton,0,0,0,1,0,0,0,0,0,0,0,0,1,0,0,1,0,0,0,0,0,0,0,1,0,0
Vanilla Ice,0,0,0,0,0,0,0,0,0,0,0,0,0,0,0,0,0,0,0,0,0,0,0,2,0,0
Vengaboys,0,0,0,0,0,0,0,0,0,0,0,0,0,0,0,0,0,0,0,0,0,0,0,1,0,0
Vera,0,0,0,0,0,0,0,0,0,0,0,0,0,0,0,0,0,0,0,0,1,0,0,0,0,0
Verka Serduchka,0,0,0,0,0,0,0,0,0,0,0,0,0,0,0,0,0,0,0,0,0,1,0,0,0,0
Village People,0,0,1,0,0,0,0,0,0,0,0,0,0,0,0,0,0,0,0,0,0,0,0,0,0,0
Villano & Greg & Lucas Voxx,0,0,0,0,0,0,0,0,0,0,0,1,0,0,0,0,0,0,0,0,0,0,1,0,0,0
Ville Valo / Natalia Avelon,0,0,1,0,0,0,0,0,0,0,1,0,0,0,0,0,0,2,0,0,0,0,0,0,1,0
Vincent Bueno,1,0,0,0,2,1,1,2,3,1,1,2,1,1,1,2,2,2,1,2,2,2,2,0,1,0
Vincent Bueno & Charity Grace,0,0,0,0,0,0,0,0,1,0,0,0,0,0,0,0,0,0,0,0,0,0,0,0,0,0
Virginia Ernst,1,0,0,1,0,0,0,0,0,0,0,0,0,0,0,0,0,1,1,0,0,0,0,1,1,3
Volbeat,1,0,0,0,0,0,2,1,0,0,0,0,0,1,0,0,0,0,1,0,1,0,0,0,0,0
Walk the Moon,1,1,0,1,0,2,0,1,0,1,1,0,1,1,0,1,1,0,0,1,0,1,0,0,1,1
Wanda,0,1,0,1,2,1,1,2,3,0,0,1,0,1,1,1,0,1,2,2,1,0,2,1,2,1
Waterloo & Robinson,0,0,0,0,0,0,0,0,0,0,0,0,0,0,0,0,0,0,0,0,0,1,0,0,0,0
Welshly Arms,0,1,1,0,0,0,0,1,0,3,0,1,0,0,1,0,0,0,0,0,0,1,0,0,1,0
Weltwiener,0,0,0,0,1,0,0,0,0,0,0,0,0,0,0,0,0,0,0,0,0,0,0,0,0,0
Wenzel Beck,0,1,1,1,2,1,2,1,1,1,1,2,0,1,1,0,1,1,1,2,2,0,1,1,0,1
Wes,0,0,0,0,0,0,0,0,0,0,0,0,0,0,0,0,0,0,0,0,0,0,0,1,0,0
Wet Wet Wet,0,0,0,0,0,0,0,0,0,0,0,0,0,0,0,0,0,0,0,1,0,0,0,0,0,0
Wham!,0,1,0,0,0,0,0,0,0,0,0,0,1,0,0,0,0,0,0,0,0,0,0,0,1,0
Wheatus,0,0,0,0,0,0,1,0,0,0,0,0,0,0,0,0,0,1,0,0,1,0,0,0,0,0
Whigfield,0,0,0,0,0,0,0,0,0,0,0,0,0,0,0,0,0,0,0,0,0,0,0,1,0,0
Whitesnake,1,0,1,0,0,0,0,0,0,1,0,0,0,0,0,1,0,0,0,0,1,0,0,0,0,0
Whitney Houston,0,0,0,0,0,0,0,0,0,0,0,0,0,0,0,1,0,0,0,0,0,0,0,0,1,0
Wiener Wunder,0,0,0,0,0,0,1,0,0,0,0,0,0,0,0,0,0,0,0,0,0,0,0,0,0,0
Wild Culture,0,0,0,0,0,1,0,0,0,0,0,1,1,0,0,0,0,0,0,0,0,0,1,0,0,0
Wild Culture feat. Ramon,0,0,0,0,0,0,0,0,0,0,0,0,0,0,0,0,0,0,0,0,0,0,1,0,0,0
Wild Culture vs. Karmin,0,0,0,0,0,0,0,0,0,0,0,0,0,0,1,0,0,0,0,0,0,0,0,0,0,0
Wilfried,0,0,0,0,0,0,0,0,1,0,0,0,0,0,0,0,0,0,0,0,0,0,0,0,0,0
Will Smith,0,0,0,0,0,0,1,0,0,1,0,0,0,0,0,0,0,0,0,0,0,0,0,0,0,0
Wincent Weiss,0,2,0,0,0,0,0,0,1,0,0,1,2,0,1,0,0,1,0,2,0,0,1,0,1,0
Wir Sind Helden,0,0,0,0,0,0,0,0,0,0,1,0,0,0,0,0,0,0,0,0,0,0,0,0,0,0
Wiz Khalifa feat. Charlie Puth,0,0,0,0,1,0,0,1,0,0,0,0,0,0,1,1,0,0,0,0,0,0,1,1,0,0
Wolfgang Ambros,1,0,1,0,1,1,0,0,2,1,1,1,0,0,1,1,3,0,1,0,0,1,0,0,1,0
X Ambassadors,1,0,0,0,0,0,0,0,0,0,2,0,0,0,0,0,0,0,0,0,0,0,0,0,0,0
Yello,0,1,0,0,0,0,0,0,0,0,0,0,0,0,0,0,0,0,0,0,0,0,0,0,0,0
YouNotUs & Janieck & Senex,0,0,0,0,0,0,0,1,0,0,0,0,0,0,0,0,1,0,0,0,0,0,1,0,0,0
YouNotUs & Julian Perretta,0,0,0,0,1,0,0,0,0,1,0,0,0,0,0,0,0,0,0,0,0,0,0,0,0,0
YouNotUs & Mi Casa,1,0,1,1,0,0,1,1,0,0,2,0,0,0,1,0,1,2,0,1,1,1,1,1,1,0
ZZ Top,0,0,0,0,0,0,0,0,0,0,0,0,0,0,0,0,0,0,0,0,0,0,1,0,1,0
Zara Larsson,2,0,1,0,0,1,0,1,1,1,2,0,0,0,0,1,1,0,0,0,1,0,2,0,0,0
Zayn feat. Sia,0,2,0,0,1,0,1,1,0,0,1,0,0,1,0,1,1,0,0,0,1,0,0,0,0,0
Zaz,0,0,0,0,0,0,0,0,0,0,0,0,0,0,0,1,0,0,0,0,0,0,0,0,0,0
Zedd & Grey feat. Maren Morris,0,0,0,0,0,0,0,0,0,0,0,0,0,0,0,0,1,0,0,0,0,1,0,0,0,0
Zeronic,0,0,0,0,0,0,0,0,0,0,0,0,1,0,0,0,0,0,0,0,0,0,0,0,0,0
Zoe Wees,4,3,4,6,4,2,2,3,4,3,5,5,2,3,3,4,5,6,4,4,2,4,1,1,3,3
Zoë,0,0,0,1,1,0,0,0,0,0,1,1,0,0,0,1,0,0,0,0,0,1,0,0,0,0
Zucchero,0,0,0,0,2,0,0,0,0,0,0,0,0,0,0,2,0,0,0,0,0,1,0,1,0,0
Zucchero / Paul Young,0,1,0,0,0,0,0,0,0,0,1,0,0,0,0,0,0,0,0,0,0,0,0,0,0,0
Zweikanalton,0,0,0,0,1,0,0,0,0,0,0,0,1,0,0,1,0,0,1,0,0,0,0,0,0,0
a-ha,0,1,0,0,0,2,1,0,1,0,0,0,0,0,0,0,0,1,0,0,0,0,0,0,0,0
palffi,0,0,0,0,0,0,0,0,0,0,0,0,0,0,0,0,0,0,1,0,0,0,0,0,0,0
t.A.T.u.,0,0,1,0,0,0,0,0,0,0,0,0,0,0,0,0,0,1,0,0,0,0,2,0,0,0
