track;interpreter;20210501;20210502;20210503;20210504;20210505;20210506;20210507;
Mood;24kGoldn feat. Iann Dior;2;1;1;3;1;1;1;
What's Up?;4 Non Blondes;0;0;1;0;0;0;0;
Youngblood;5 Seconds of Summer;1;0;1;0;0;0;1;
Almost Lover;A Fine Frenzy;0;0;1;0;0;0;0;
Say Something;A Great Big World feat. Christina Aguilera;0;0;0;0;1;0;0;
Can I Kick It ?;A Tribe Called Quest;1;0;0;0;0;0;0;
Money Money Money;ABBA;0;1;0;0;0;0;0;
Mamma Mia;ABBA;0;0;0;0;0;0;1;
Rock n Roll Train;AC/DC;1;0;0;0;0;0;0;
You Shook Me All Night Long (Live);AC/DC;0;0;1;1;0;0;0;
Realize;AC/DC;0;0;0;1;0;0;0;
Highway to Hell;AC/DC;0;0;0;0;1;0;0;
Thunderstruck;AC/DC;0;0;0;0;1;0;0;
You Shook Me All Night Long;AC/DC;0;0;0;0;0;1;0;
Your Love (9PM);ATB feat. Topic & A7S;3;2;3;4;3;2;4;
All 2 You;Adam Bü feat. Moodygee x Paenda;1;0;0;0;0;0;0;
Whataya Want from Me;Adam Lambert;0;0;0;0;0;0;1;
Lieder;Adel Tawil;0;0;0;0;0;0;1;
Hello;Adele;0;1;2;0;0;0;1;
Someone like You;Adele;0;0;1;0;0;0;0;
Water Under the Bridge;Adele;0;0;0;1;0;0;0;
Rag Doll;Aerosmith;1;0;0;0;0;0;0;
Cryin';Aerosmith;0;0;0;1;0;0;0;
Crazy;Aerosmith;0;0;0;1;0;0;0;
I Don't Want to Miss a Thing;Aerosmith;0;0;0;1;0;0;0;
Alone;Alan Walker;0;0;0;2;0;0;0;
Faded;Alan Walker;0;0;0;0;1;0;1;
Guardian;Alanis Morissette;1;0;0;0;0;0;0;
Ironic;Alanis Morissette;0;0;0;1;0;0;0;
Black Velvet;Alannah Myles;0;0;1;0;0;0;0;
Tonight;Alex Max Band;0;0;0;0;0;1;0;
Poison;Alice Cooper;1;0;0;0;0;0;0;
Underdog;Alicia Keys;0;0;2;1;1;1;0;
Sono il Destino;Alle Achtung;1;1;1;1;2;1;2;
Marie;Alle Achtung;0;1;0;0;1;0;0;
Bad Ideas;Alle Farben;1;0;1;0;0;1;0;
Fading;Alle Farben & Ilira;0;0;0;1;0;0;0;
Forever Young;Alphaville;1;0;0;0;0;0;0;
Magia;Alvaro Soler;2;0;1;1;1;2;1;
La cintura;Alvaro Soler;0;1;0;0;0;0;1;
Sofia;Alvaro Soler;0;0;0;2;0;0;1;
El mismo sol;Alvaro Soler;0;0;0;0;1;0;0;
Believe in You;Amanda Marshall;0;0;1;0;0;0;0;
Best Day of My Life;American Authors;0;0;0;1;0;0;0;
This Is the Life;Amy MacDonald;1;0;0;0;0;0;0;
Run;Amy MacDonald;0;0;1;0;0;0;0;
Freaks;Amy Wald;0;1;0;0;0;0;0;
Mehr als nur ein Like;Amy Wald;0;0;0;0;0;0;1;
Rehab;Amy Winehouse;0;0;0;0;0;1;0;
Paid My Dues;Anastacia;0;0;0;0;1;0;0;
Left Outside Alone;Anastacia;0;0;0;0;2;0;0;
Sick and Tired;Anastacia;0;0;0;0;0;1;0;
Auf uns;Andreas Bourani;0;0;1;0;0;0;0;
Still Remember Yvonne;Andy Baum;0;0;0;0;1;0;0;
Slow Down;Andy Baum;0;0;0;0;0;1;0;
Time Stands Still;Anna F.;0;0;0;1;0;0;0;
Supergirl;Anna Naklab feat. Alle Farben & Younotus;0;1;0;0;0;0;0;
Down;Anna-Sophie;1;1;0;0;0;0;0;
Cambodia;Anna-Sophie;2;1;0;1;1;2;1;
Let Me In;Anna-Sophie;1;1;1;1;1;1;0;
2002;Anne-Marie;0;1;0;0;0;0;0;
Over Again;Aron Matthews feat. Môntan;0;0;0;0;1;0;0;
I Will Love You Monday (365);Aura Dione;0;0;0;0;0;1;0;
Friends;Aura Dione / Rock Mafia;0;0;0;0;0;1;0;
Hoamweh nach B.A.;Ausseer Hardbradler;0;1;0;1;0;0;0;
Vü schöner is des G'fühl (Live);Austria 3;0;0;1;0;0;0;0;
Freunde;Austria 3;0;0;0;0;1;0;0;
Lass mi amoi no d'Sunn aufgeh' segn (Live);Austria 3;0;0;0;0;0;1;0;
Torn;Ava Max;1;0;0;0;0;0;0;
My Head & My Heart;Ava Max;3;2;3;3;2;2;3;
Who's Laughing Now;Ava Max;1;0;0;0;0;0;0;
Kings & Queens;Ava Max;0;1;1;1;2;0;2;
Sweet but Psycho;Ava Max;0;0;1;0;0;1;0;
I Don't Pray;Avec;1;0;0;0;0;1;0;
Under Water (Club Edit);Avec;0;1;2;0;0;0;1;
Over Now;Avec;0;0;1;0;0;0;0;
I'll Come Back;Avec;0;0;0;1;0;0;0;
Home;Avec;0;0;0;0;1;1;0;
Wake Me Up!;Avicii;1;0;1;1;0;0;0;
Waiting for Love;Avicii;0;1;0;0;0;0;0;
Hey Brother;Avicii;0;0;2;0;0;0;0;
The Nights;Avicii;0;0;1;0;0;0;1;
Levels;Avicii;0;0;0;1;0;0;0;
Without You;Avicii feat. Sandro Cavazza;0;0;0;1;0;0;1;
Head Above Water;Avril Lavigne;0;0;1;0;0;0;1;
Let Me Go;Avril Lavigne / Chad Kroeger;0;0;0;1;0;0;2;
Vorüber gehen;Axel Wolph;1;1;1;0;0;0;0;
More Than You Know;Axwell & Ingrosso;1;1;0;0;1;0;0;
I Want It That Way;Backstreet Boys;0;0;1;0;0;0;0;
Everybody (Backstreet's Back);Backstreet Boys;0;0;0;0;1;0;0;
Things We Lost in the Fire;Bastille;1;0;0;0;0;0;0;
Good Grief;Bastille;0;1;0;1;0;0;1;
Pompeii;Bastille;0;0;1;0;0;1;0;
Heaven Is a Place on Earth;Belinda Carlisle;0;0;2;0;0;0;0;
Leave a Light On;Belinda Carlisle;0;0;0;0;2;0;0;
Rescue Me;Bell Book & Candle;0;0;0;0;1;0;0;
Take My Breath Away;Berlin;0;0;0;0;0;0;1;
Halo;Beyoncé;0;2;0;0;0;0;0;
Nahuel Huapi;Bilderbuch;1;2;2;2;1;1;2;
Eine Nacht in Manila;Bilderbuch;0;1;0;0;0;0;0;
Maschin;Bilderbuch;0;0;0;0;1;0;0;
Bungalow;Bilderbuch;0;0;0;0;0;2;0;
Video Life;Bilgeri;0;0;0;0;0;1;0;
The Time of My Life;Bill Medley / Jennifer Warnes;0;0;0;1;0;0;0;
Bad Guy;Billie Eilish;0;0;1;0;0;0;0;
Rebel Yell;Billy Idol;0;1;0;0;0;0;0;
I Go to Extremes;Billy Joel;0;0;1;0;0;0;0;
Uptown Girl;Billy Joel;0;0;0;0;1;0;0;
We Didn't Start the Fire;Billy Joel;0;0;0;0;0;1;0;
How to Dance;Bingoboys feat. Princessa;0;0;0;1;0;0;0;
All the Small Things;Blink 182;0;0;0;0;2;0;0;
Maria;Blondie;0;0;1;0;0;0;0;
The Bad Touch;Bloodhound Gang;0;0;1;0;0;0;0;
It's My Life;Bon Jovi;1;0;0;0;0;0;0;
Bed of Roses;Bon Jovi;1;0;0;0;0;0;0;
Livin' on a Prayer (Live);Bon Jovi;0;1;0;0;0;0;0;
We Weren't Born to Follow (Live);Bon Jovi;0;0;1;0;0;0;0;
We Weren't Born to Follow;Bon Jovi;0;0;1;0;0;0;0;
Someday I'll Be Saturday Night (Live);Bon Jovi;0;0;1;0;0;0;0;
Livin' on a Prayer;Bon Jovi;0;0;0;1;0;0;0;
Saturday Night Gave Me Sunday Morning;Bon Jovi;0;0;0;1;0;0;0;
Always (Live);Bon Jovi;0;0;0;1;0;0;0;
Always;Bon Jovi;0;0;0;0;1;0;0;
You Give Love a Bad Name;Bon Jovi;0;0;0;0;1;0;0;
These Days;Bon Jovi;0;0;0;0;0;2;0;
Total Eclipse of the Heart;Bonnie Tyler;0;0;1;0;0;0;0;
Holding out for a Hero;Bonnie Tyler;0;0;0;1;0;0;0;
Trag meine Liebe wie einen Mantel;Boris Bukowski;0;0;1;0;0;0;0;
Circus;Britney Spears;0;0;1;0;0;0;0;
Oops! I Did It Again;Britney Spears;0;0;0;0;1;0;0;
Dancing in the Dark;Bruce Springsteen;0;1;0;0;0;0;0;
Glory Days;Bruce Springsteen;0;1;0;0;0;0;1;
Lucky Town;Bruce Springsteen;0;1;0;0;0;0;0;
Born to Run;Bruce Springsteen;0;0;1;0;0;0;0;
I'm Goin' Down;Bruce Springsteen;0;0;0;1;0;0;0;
Streets of Philadelphia;Bruce Springsteen;0;0;0;1;0;0;0;
Born in the U.S.A.;Bruce Springsteen;0;0;0;0;2;0;0;
Tougher Than the Rest;Bruce Springsteen;0;0;0;0;0;1;0;
Locked out of Heaven;Bruno Mars;2;0;0;0;0;0;0;
Count on Me;Bruno Mars;0;1;0;0;0;1;0;
Just the Way You Are;Bruno Mars;0;0;0;1;0;0;0;
Marry You;Bruno Mars;0;0;0;0;1;0;0;
Summer of '69 (Live);Bryan Adams;0;0;1;0;0;0;0;
Straight from the Heart;Bryan Adams;0;0;1;0;0;0;0;
Summer of '69;Bryan Adams;0;0;1;0;0;0;0;
Heaven;Bryan Adams;0;0;0;1;0;0;0;
Can't Stop This Thing We Started;Bryan Adams;0;0;0;1;0;0;0;
Summer of '69 (Live Aid);Bryan Adams;0;0;0;1;0;0;0;
When You're Gone;Bryan Adams / Melanie C;0;0;0;0;0;2;0;
Outside;Calvin Harris feat. Ellie Goulding;1;0;0;1;0;2;0;
Call Me Maybe;Carly Rae Jepsen;1;0;0;2;0;0;0;
You've Got a Friend;Carole King;0;1;0;0;0;0;0;
My Heart Will Go On;Celine Dion;0;0;0;0;0;0;1;
Lazy Suit;Cesár Sampson;1;0;1;1;0;0;0;
Nobody but You;Cesár Sampson;0;1;0;0;1;0;0;
Hero;Chad Kroeger / Josey Scott;0;1;0;0;0;0;0;
Attention;Charlie Puth;0;1;0;0;0;0;0;
One Call Away;Charlie Puth;0;0;1;0;0;0;0;
Marvin Gaye;Charlie Puth feat Meghan Trainor;0;0;0;1;0;1;0;
Save up All Your Tears;Cher;0;1;0;0;0;0;0;
Walking in Memphis;Cher;0;0;0;0;0;1;0;
The One and Only;Chesney Hawkes;0;0;1;0;0;0;0;
Killing Me Softly;Chiny Logan;0;0;0;0;0;0;1;
Leicht kennt ma's hom;Chris Steger;2;2;2;1;1;2;2;
Zefix;Chris Steger;1;0;1;0;2;0;1;
Beautiful;Christina Aguilera;0;0;1;0;0;0;0;
Jar of Hearts;Christina Perri;0;0;0;1;0;0;0;
Seite an Seite;Christina Stürmer;0;1;0;0;0;0;0;
Wir leben den Moment;Christina Stürmer;0;0;1;0;0;0;0;
Mehr als perfekt;Christina Stürmer;0;0;0;1;0;0;0;
Scherbenmeer;Christina Stürmer;0;0;0;0;1;0;0;
Das ist das Leben (Version 2020);Christina Stürmer;0;0;0;0;1;0;0;
Ein Teil von mir;Christina Stürmer;0;0;0;0;0;0;1;
Ride like the Wind;Christopher Cross;0;1;0;0;0;0;0;
A Sky Full of Stars;Coldplay;0;1;0;2;0;0;0;
Fix You;Coldplay;0;1;0;0;1;0;0;
Viva la vida (Live in Buenos Aires);Coldplay;0;1;0;0;1;0;0;
Viva la vida;Coldplay;0;0;0;0;0;0;1;
Higher Power;Coldplay;0;0;0;0;0;0;1;
Sunglasses at Night;Corey Hart;0;0;0;0;1;0;0;
Sunday Afternoon;Coshiva;0;0;0;0;0;0;1;
Einmal um die Welt;Cro;1;0;0;0;0;0;0;
Traum;Cro;1;0;0;0;0;0;0;
Whatever;Cro;0;0;0;0;1;0;0;
Don't Dream It's Over;Crowded House;0;0;0;2;0;0;0;
Weather with You;Crowded House;0;0;0;0;1;0;0;
(I Just) Died in Your Arms;Cutting Crew;0;0;1;0;0;0;0;
Time After Time;Cyndi Lauper;0;0;0;1;0;0;0;
Ma chérie;DJ Antoine / The Beat Shakers;1;0;0;0;1;0;0;
Con calma;Daddy Yankee feat. Snow;0;1;0;1;0;0;0;
One More Time;Daft Punk;1;0;0;0;0;0;0;
Get Lucky;Daft Punk / Pharrell Williams;0;1;0;0;0;0;0;
Angst dich zu verlieren;Dame;1;0;0;0;0;0;0;
Selbstfindungstrip;Dame feat. Onk Lou;0;0;0;0;0;1;0;
Possible;Darius & Finlay & Adam Bü feat. Max Landry;0;0;0;0;0;1;0;
Close My Eyes;Darius & Finlay X Last Night feat. Max Landry;0;1;0;0;1;0;0;
In the Ghetto;Darius & Finlay feat. Rusty;0;0;0;0;0;0;1;
Colourblind;Dave McKendry;0;1;0;0;0;0;0;
Heroes;David Bowie;0;1;0;0;0;0;0;
My Big Nurse;David Byrne & Brian Eno;0;0;1;0;0;0;0;
Rock Me Baby;David Cassidy;0;1;0;0;0;0;0;
Floating Through Space;David Guetta & Sia;3;2;1;2;1;2;2;
Let's Love;David Guetta & Sia;0;1;0;0;0;0;1;
Titanium;David Guetta / Sia;0;0;1;0;1;0;0;
Dangerous;David Guetta feat. Sam Martin;0;0;1;0;1;1;1;
Lovers on the Sun;David Guetta feat. Sam Martin;0;0;0;1;0;0;0;
Be Alright;Dean Lewis;0;1;0;1;0;0;0;
Breakfast at Tiffany's;Deep Blue Something;0;0;0;0;1;0;0;
Alien;Dennis Lloyd;1;0;0;0;0;0;0;
Enjoy the Silence (Live);Depeche Mode;1;0;0;0;0;0;0;
Enjoy the Silence 04;Depeche Mode;0;0;1;0;0;0;0;
Enjoy the Silence;Depeche Mode;0;0;0;1;0;0;0;
Giants;Dermot Kennedy;0;0;0;1;1;0;0;
Come on Eileen;Dexys Midnight Runners;0;0;1;0;0;0;1;
White Flag;Dido;0;0;2;0;0;0;0;
Thank You;Dido;0;0;0;0;1;0;0;
Das ist der Moment;Die Toten Hosen;0;0;0;0;1;0;0;
So Far Away;Dire Straits;0;0;1;0;0;0;0;
Kiss me more;Doja Cat feat. SZA;0;0;0;1;0;0;0;
Jolene;Dolly Parton;0;1;0;0;0;0;0;
I Love You Always Forever;Donna Lewis;0;0;0;0;1;0;0;
We're Good;Dua Lipa;2;1;3;2;1;1;2;
Physical;Dua Lipa;1;1;1;1;2;1;2;
Don't Start Now;Dua Lipa;0;1;0;0;0;0;0;
IDGAF;Dua Lipa;0;1;0;0;0;0;0;
Levitating;Dua Lipa;0;0;0;1;0;0;0;
Arcade;Duncan Laurence;0;0;0;1;0;0;1;
Ordinary World;Duran Duran;2;0;0;0;0;0;0;
Taxi;DÖF;0;0;0;1;0;0;0;
Codo;DÖF;0;0;0;1;0;0;0;
Ba-Ba-Banküberfall;EAV;1;0;0;1;0;0;0;
Burli;EAV;0;1;0;0;0;0;0;
Fata Morgana;EAV;0;0;1;0;0;0;0;
Heiße Nächte (in Palermo);EAV;0;0;1;0;0;0;0;
Märchenprinz;EAV;0;0;0;2;0;0;0;
An der Copacabana;EAV;0;0;0;0;0;1;0;
Save Tonight;Eagle-Eye Cherry;0;0;0;0;0;1;0;
Hotel California (Live);Eagles;0;0;0;0;0;0;1;
Boogie Wonderland;Earth, Wind & Fire with The Emotions;0;0;0;1;0;0;0;
Cool Kids;Echosmith;0;0;0;1;0;0;0;
Afterglow;Ed Sheeran;2;2;4;3;3;2;3;
Shape of You;Ed Sheeran;1;1;0;0;1;0;0;
Galway Girl;Ed Sheeran;0;2;0;0;0;1;0;
Photograph (Felix Jaehn Remix);Ed Sheeran;0;1;0;0;0;0;0;
Perfect;Ed Sheeran;0;0;2;0;0;0;1;
The A Team;Ed Sheeran;0;0;0;1;0;0;0;
I See Fire;Ed Sheeran;0;0;0;1;0;0;0;
Photograph;Ed Sheeran;0;0;0;0;0;0;1;
I Don't Care;Ed Sheeran & Justin Bieber;0;0;0;0;0;1;0;
Die Blonde mitn Mittelscheitl;Edmund;1;2;0;1;0;1;1;
Leiwand;Edmund;0;1;0;1;0;0;1;
Viva la mamma;Edoardo Bennato;0;0;0;0;0;0;1;
Blue (Da Ba Dee);Eiffel 65;0;0;0;0;0;0;1;
Dein Jahr;Einfach Flo;0;1;0;0;0;1;0;
Bella ciao (Hugel Remix);El Profesor;0;0;0;0;0;1;0;
Shine a Little Love;Electric Light Orchestra;0;1;0;0;0;0;0;
Ex's & Oh's;Elle King;0;0;0;0;0;1;0;
Love Me like You Do;Ellie Goulding;1;0;0;2;0;1;0;
Lights;Ellie Goulding;0;0;1;0;1;0;0;
Your Song;Ellie Goulding;0;0;0;2;0;0;0;
I Don't Wanna Go on with You like That;Elton John;1;0;0;0;0;1;0;
I'm Still Standing;Elton John;0;0;0;0;0;0;1;
Circle of Life;Elton John;0;0;0;0;0;0;1;
Love the Way You Lie;Eminem / Rihanna;0;1;0;2;0;0;0;
River;Eminem feat. Ed Sheeran;2;0;1;0;0;0;0;
Alle Dinge;Emma-Mo;0;0;0;0;0;1;0;
Súbeme la radio;Enrique Iglesias feat. Descemer Bueno, Zion & Lenn;0;1;0;1;0;0;2;
Hungry Eyes;Eric Carmen;0;0;0;1;0;0;0;
Più bella cosa;Eros Ramazzotti;0;0;0;0;1;0;0;
Cose della vita;Eros Ramazzotti / Tina Turner;1;0;0;0;0;0;0;
The Final Countdown;Europe;0;0;0;0;1;0;0;
Thorn in My Side;Eurythmics;0;2;0;0;0;0;0;
Sweet Dreams;Eurythmics;0;0;2;0;0;0;0;
Sweet Dreams (Live);Eurythmics;0;0;0;0;0;0;1;
Bring Me to Life;Evanescence;0;0;1;0;0;0;0;
More Than Words;Extreme;0;0;0;1;0;0;0;
Ooh La La;Faces;0;1;0;0;0;0;0;
Der Kommissar;Falco;1;0;0;0;0;1;0;
Junge Römer;Falco;1;0;0;0;1;0;0;
Out of the Dark;Falco;0;1;0;0;0;0;0;
Helden von heute;Falco;0;0;1;0;0;0;0;
Vienna Calling;Falco;0;0;1;0;0;0;0;
Jeanny;Falco;0;0;0;1;0;0;1;
The Sound of Musik;Falco;0;0;0;1;0;0;0;
Vienna Calling (Parov Stelar Remix);Falco;0;0;0;0;0;0;1;
The Rockafeller Skank;Fatboy Slim;0;0;0;0;0;0;1;
Close Your Eyes;Felix Jaehn & VIZE feat. Miss Li;1;0;1;1;1;0;1;
Ain't Nobody (Loves Me Better);Felix Jaehn feat. Jasmine Thompson;0;0;0;1;0;0;0;
Jennie;Felix Jaehn feat. R. City & Bori;0;0;0;0;0;0;1;
All My Friends Are Rich;Filous & Louis III;0;0;0;0;0;1;0;
Emelie;Filous & Mount feat. Buster Moe;0;0;0;1;0;0;0;
Bicycle;Filous feat. Klei;0;0;1;0;0;0;0;
She Drives Me Crazy;Fine Young Cannibals;0;0;0;0;0;1;0;
We Are Alright;Flip Capella;1;0;0;0;0;0;0;
Read My Lips;Flo Fin;0;0;1;0;0;1;1;
Good Feeling;Flo Rida;0;0;0;0;0;0;1;
Club Can't Handle Me;Flo Rida / David Guetta;0;0;2;0;0;0;0;
Right Round;Flo Rida feat. Ke$Ha;0;0;1;0;0;1;0;
Hey Du;Folkshilfe;1;0;0;0;0;0;0;
Seit a poa Tog;Folkshilfe;1;0;0;0;0;0;0;
Mir laungts;Folkshilfe;0;1;0;1;0;0;0;
Simone;Folkshilfe;0;0;1;0;0;0;0;
Immer wieder;Folkshilfe;0;0;0;0;0;1;0;
Lemon Tree;Fool's Garden;0;0;0;1;0;0;1;
Occidentali's Karma;Francesco Gabbani;0;0;0;0;0;0;1;
Castles;Freya Ridings;2;2;1;1;2;0;1;
Some Nights;Fun.;1;0;0;0;0;0;0;
We Are Young;Fun. / Janelle Monáe;0;0;0;1;0;0;0;
Bittersweet Symphony;Gamper & Dadoni feat. Emily Roberts;0;0;0;0;2;0;0;
Land of Confusion;Genesis;1;0;0;0;0;0;0;
Jesus He Knows Me;Genesis;0;1;0;0;0;1;0;
Invisible Touch;Genesis;0;2;0;0;0;0;0;
Jesus He Knows Me (Live);Genesis;0;0;0;0;0;1;0;
Ollas leiwaund;Georg Danzer;0;1;0;0;0;0;0;
Blame It on Me;George Ezra;0;1;0;0;1;1;0;
Paradise;George Ezra;0;1;0;1;0;0;0;
Pretty Shining People;George Ezra;0;0;2;0;1;0;0;
Shotgun;George Ezra;0;0;0;0;0;1;1;
Faith;George Michael;0;0;0;0;1;0;0;
La passion;Gigi D'Agostino;0;1;0;0;1;0;0;
I Will Survive;Gloria Gaynor;0;0;0;0;0;0;1;
Give a Little Bit;Goo Goo Dolls;1;0;0;0;1;0;0;
Move in the Right Direction;Gossip;0;0;0;0;0;1;0;
Somebody That I Used to Know;Gotye ft. Kimbra;0;0;1;0;2;0;0;
Sauna;Granada;1;0;0;0;0;0;0;
When I Come Around;Green Day;1;0;0;0;0;0;0;
Basket Case;Green Day;0;0;2;0;0;0;0;
Holiday;Green Day;0;0;1;0;0;0;0;
Wake Me up When September Ends (Live);Green Day;0;0;0;1;1;0;0;
Boulevard of Broken Dreams;Green Day;0;0;0;1;0;0;0;
Know Your Enemy;Green Day;0;0;0;0;0;0;1;
21 Guns;Green Day / The Cast of American Idiot;0;2;0;0;0;0;0;
Black Hole;Griff;0;1;1;1;1;0;0;
November Rain;Guns n' Roses;1;0;0;0;1;0;0;
Sweet Child O' Mine;Guns n' Roses;0;0;1;0;0;0;1;
Knockin' on Heaven's Door;Guns n' Roses;0;0;0;2;0;0;0;
Don't Cry (Live);Guns n' Roses;0;0;0;0;1;0;0;
Don't Cry;Guns n' Roses;0;0;0;0;0;1;0;
Join Me;HIM;1;0;0;0;0;0;0;
Ausgeliefert;Hansi Dujmic;0;0;1;0;0;0;0;
Mmmbop;Hanson;0;1;0;0;0;0;0;
Sign of the Times;Harry Styles;0;0;1;0;0;0;0;
Watermelon Sugar;Harry Styles;0;0;0;0;2;0;1;
Der Held;Herbert Grönemeyer;0;0;1;0;0;0;0;
Vo Mello bis ge Schoppornou;Holstuonarmusigbigbandclub;0;0;1;0;0;0;0;
The Reason;Hoobastank;0;0;0;0;0;0;2;
Take Me to Church;Hozier;0;1;0;0;0;0;1;
Heast as nit;Hubert von Goisern;0;0;1;0;0;0;0;
Alle 100 Jahr;Hubert von Goisern;0;0;0;1;0;0;0;
Koa Hiatamadl;Hubert von Goisern;0;0;0;0;1;0;0;
Weit, weit weg;Hubert von Goisern;0;0;0;0;1;0;0;
Brenna tuats guat;Hubert von Goisern;0;0;0;0;0;0;1;
New Sensation;INXS;0;1;0;0;0;0;0;
Disappear;INXS;0;0;0;1;0;0;0;
I Love It;Icona Pop;1;0;0;0;0;2;0;
Follow You;Imagine Dragons;3;1;1;1;3;3;1;
Thunder;Imagine Dragons;0;1;0;0;0;1;0;
It's Time;Imagine Dragons;0;1;0;0;0;0;0;
Natural;Imagine Dragons;0;0;1;0;1;0;1;
Bad Liar;Imagine Dragons;0;0;0;1;0;1;2;
Whatever It Takes;Imagine Dragons;0;0;0;1;0;0;0;
Demons;Imagine Dragons;0;0;0;1;1;0;0;
Radioactive;Imagine Dragons;0;0;0;0;0;1;0;
Don't Be so Shy (Filatov & Karas Remix);Imany;1;0;0;1;0;0;0;
Fenster;Ina Regen;0;1;0;0;0;0;0;
Wie a Kind;Ina Regen;0;0;0;0;0;1;0;
Here Comes the Hotstepper;Ini Kamoze;0;1;0;0;0;0;0;
Somewhere over the Rainbow;Israel Kamakawiwo'ole;0;0;1;0;0;0;0;
I Need You to Hate Me;JC Stewart;2;3;2;1;2;3;3;
Bild an der Wand;Jakob Busch;0;0;0;0;1;0;0;
Superstar;Jamelia;0;0;2;0;0;0;0;
Impossible;James Arthur;1;0;0;0;1;0;0;
Say You Won't Let Go;James Arthur;0;0;1;0;1;0;0;
Chew On My Heart;James Bay;2;1;3;3;2;2;1;
I Got You (I Feel Good);James Brown;0;1;0;0;0;0;0;
New Life;James Cottriall;0;0;1;0;0;0;0;
Don't Let Anyone Hold You Back;James Cottriall;0;0;0;0;0;1;0;
What I've Done;James Hersey;0;1;0;0;0;0;0;
Broken Strings;James Morrison / Nelly Furtado;0;0;0;0;0;1;0;
Virtual Insanity;Jamiroquai;1;0;0;0;0;0;0;
Canned Heat (Remastered);Jamiroquai;0;0;0;0;0;0;1;
Liege wieder wach;Jamule;0;0;0;1;0;0;0;
Eule;Jan Delay feat. Marteria;1;0;0;0;0;0;3;
Take You Dancing;Jason Derulo;1;2;2;1;1;1;0;
Want to Want Me;Jason Derulo;1;0;1;0;0;1;0;
Love Not War (The Tampa Beat);Jason Derulo feat. Nuka;4;2;3;3;4;3;4;
Savage Love (Laxed - Siren Beat);Jawsh 685 feat. Jason Derulo;0;0;1;0;0;0;0;
Empire State of Mind;Jay-Z / Alicia Keys;0;0;1;0;0;0;0;
Jenny from the Block;Jennifer Lopez;0;0;0;1;0;0;0;
On the Floor;Jennifer Lopez / Pitbull;0;0;0;0;0;1;1;
Price Tag;Jessie J / B.O.B.;0;1;2;0;2;0;0;
Higher and Higher;Jimmy Cliff;0;1;0;0;0;0;0;
I Can See Clearly Now;Jimmy Cliff;0;0;0;0;1;0;0;
I Love Rock'n'Roll;Joan Jett & the Blackhearts;0;0;1;0;0;2;0;
One of Us;Joan Osborne;0;1;0;0;0;0;0;
You Can Leave Your Hat On;Joe Cocker;0;0;0;0;0;0;1;
Head & Heart;Joel Corry feat. Mnek;3;2;3;2;3;2;2;
You're the Voice;John Farnham;0;1;0;0;0;0;0;
Working Class Hero;John Lennon;0;0;0;1;0;0;0;
St. Elmo's Fire;John Parr;1;0;0;0;0;0;0;
Missing You;John Waite;0;0;0;1;0;0;0;
Blaze of Glory;Jon Bon Jovi;0;0;0;0;0;1;1;
Fast Car;Jonas Blue feat. Dakota;0;0;0;0;0;0;1;
Perfect Strangers;Jonas Blue feat. JP Cooper;0;1;0;0;2;0;0;
Rise;Jonas Blue feat. Jack & Jack;1;0;0;0;1;0;1;
What a Man Gotta Do;Jonas Brothers;1;0;0;0;0;0;0;
Vielleicht;Josh.;1;0;0;0;1;0;0;
Ring in der Hand;Josh.;1;2;0;0;2;1;2;
Cordula Grün;Josh.;0;0;1;0;0;0;0;
Wo bist du;Josh.;0;0;1;0;0;1;0;
Reden;Josh.;0;0;0;0;0;1;0;
Somehow;Joss Stone;0;0;1;0;0;0;0;
Don't Stop Believin';Journey;0;0;1;0;0;0;1;
Team;Julian Le Play;2;2;2;3;3;0;2;
Millionär;Julian Le Play;0;0;0;0;0;1;0;
Hellwach;Julian Le Play feat. toksï;1;0;1;0;0;2;1;
Love Yourself;Justin Bieber;1;0;0;0;0;0;0;
Peaches;Justin Bieber feat. Daniel Caesar  & Giveon;0;0;0;1;0;0;0;
Getting Closer;Justin Jesso;0;0;0;2;0;0;0;
Can't Stop the Feeling!;Justin Timberlake;0;0;1;0;0;0;0;
Say Something;Justin Timberlake feat. Chris Stapleton;1;0;0;0;1;0;0;
Iko Iko;Justin Wellington feat. Small Jam;3;1;5;0;2;0;3;
Wavin' Flag;K'naan;0;0;0;1;0;1;0;
Play;K-391, Alan Walker & Tungevaag ft. Mangoo;0;0;1;0;0;0;0;
Was wäre wenn;K.O. Pilot;0;0;0;0;0;1;0;
Boogie Shoes;KC & the Sunshine Band;0;1;0;0;0;0;0;
Motorboot;KGB;0;0;0;0;2;0;0;
Skinny;Kaleo;0;0;0;1;0;0;0;
Walking on Sunshine;Katrina & the Waves;0;0;0;0;1;0;0;
Last Friday Night (T.G.I.F.);Katy Perry;1;0;1;0;1;0;0;
Firework;Katy Perry;1;0;0;0;1;0;1;
Roar;Katy Perry;1;1;0;0;0;1;0;
Last Friday Night;Katy Perry;0;1;0;0;0;0;0;
Teenage Dream;Katy Perry;0;1;0;0;0;1;0;
Hot n Cold;Katy Perry;0;0;0;0;0;0;1;
TiK ToK;Ke$ha;1;0;0;2;0;0;0;
Because of You;Kelly Clarkson;0;2;0;0;0;0;0;
Heartbeat Song;Kelly Clarkson;0;2;0;1;2;0;0;
Mr. Know It All;Kelly Clarkson;0;0;1;0;0;0;0;
Stronger (What Doesn't Kill You);Kelly Clarkson;0;0;0;2;0;1;0;
Since U Been Gone;Kelly Clarkson;0;0;0;0;1;0;0;
Call You Home;Kelvin Jones;1;0;0;0;0;0;0;
Danger Zone;Kenny Loggins;0;0;0;1;1;0;0;
All Summer Long;Kid Rock;1;0;0;0;0;0;0;
Born Free;Kid Rock;0;0;1;0;1;0;0;
Gypsy Heart;King & Potter;1;0;0;0;0;1;0;
Diamond;King & Potter;1;0;0;0;0;0;0;
Sick One;King & Potter;1;2;0;1;1;1;2;
Loose Love;King & Potter;0;0;0;0;1;0;0;
Blinded by Love;King & Potter;0;0;0;0;0;1;0;
Use Somebody;Kings of Leon;0;0;0;1;0;0;1;
Sex on Fire;Kings of Leon;0;0;0;0;1;0;0;
I Was Made for Lovin' You;Kiss;0;0;1;0;0;0;0;
Netzwerk (Falls like Rain);Klangkarussell;1;0;0;0;0;1;0;
Sonnentanz;Klangkarussell;1;0;0;0;0;0;0;
Shipwreck;Klangkarussell;0;1;1;0;0;1;0;
Sonnentanz (Sun Don't Shine);Klangkarussell / Will Heard;0;0;1;0;0;0;0;
Mocht jo nix;Krautschädl;0;0;1;0;0;0;0;
Feiah fonga;Krautschädl;0;0;0;0;2;0;0;
Look What You've Done;Krystof;0;0;0;0;1;0;0;
Walk;Kwabs;0;0;0;1;0;0;0;
What's Love Got to Do with It;Kygo  & Tina Turner;1;1;1;2;1;1;1;
Remind Me to Forget;Kygo & Miguel;0;1;0;0;0;1;0;
Higher Love;Kygo & Whitney Houston;0;0;0;0;1;0;0;
Hot Stuff;Kygo feat. Donna Summer;1;0;1;1;1;0;1;
Gone are the Days;Kygo feat. James Gillespie;1;1;0;1;1;1;1;
It Ain't Me;Kygo feat. Selena Gomez;1;1;0;1;0;0;2;
Can't Get You Out of My Head;Kylie Minogue;1;0;0;0;0;0;0;
Hollywood;LA Vision & Gigi D'Agostino;1;0;1;1;1;2;0;
Bulletproof;La Roux;0;0;0;1;0;0;0;
Beneath Your Beautiful;Labrinth / Emeli Sandé;1;0;0;0;0;0;0;
Bad Romance;Lady Gaga;1;0;0;0;0;0;0;
Always Remember Us This Way;Lady Gaga;1;1;1;0;2;1;2;
Stupid Love;Lady Gaga;1;0;2;0;1;2;0;
Born This Way;Lady Gaga;0;1;0;0;0;1;0;
Alejandro;Lady Gaga;0;0;1;0;0;0;0;
Poker Face;Lady Gaga;0;0;0;1;0;0;0;
The Edge of Glory;Lady Gaga;0;0;0;2;0;0;0;
Paparazzi;Lady Gaga;0;0;0;1;0;0;0;
Rain on Me;Lady Gaga & Ariana Grande;0;0;0;0;0;0;1;
Shallow;Lady Gaga & Bradley Cooper;1;0;0;0;0;1;1;
Self Control;Laura Branigan;0;1;0;0;1;0;0;
Schwarze Wolken;Lemo;0;2;0;1;1;1;2;
Vielleicht der Sommer;Lemo;0;1;0;0;0;1;0;
Alte Seele;Lemo;0;0;1;0;0;1;0;
Der Himmel über Wien;Lemo;0;0;0;1;0;0;0;
So leicht;Lemo;0;0;0;0;1;0;0;
So wie du bist;Lemo;0;0;0;0;0;1;0;
Wild & Free;Lena;0;0;1;0;0;0;0;
Better;Lena & Nico Santos;0;1;0;0;0;0;0;
Fly Away;Lenny Kravitz;1;0;0;0;0;0;1;
Again;Lenny Kravitz;0;0;2;0;0;0;0;
Stillness of Heart;Lenny Kravitz;0;0;0;0;1;0;0;
Fly Away (Live);Lenny Kravitz;0;0;0;0;0;1;0;
Always on the Run;Lenny Kravitz;0;0;0;0;0;0;1;
Faded Love;Leony;4;3;2;3;4;3;3;
Someone You Loved;Lewis Capaldi;1;1;1;1;1;1;2;
For You;Liam Payne & Rita Ora;0;1;0;0;0;1;0;
Stack It up;Liam Payne feat. A Boogie Wit da Hoodie;1;0;0;0;1;0;1;
Echo in My Heart;Liebenthal feat. Ta:Mi;0;0;0;0;1;0;0;
Montero (Call Me By Your Name);Lil Nas X;0;0;0;1;0;0;0;
Old Town Road (Remix);Lil Nas X feat. Billy Ray Cyrus;0;0;0;0;1;0;0;
Behind Blue Eyes;Limp Bizkit;0;0;0;0;1;0;0;
Burn It Down;Linkin Park;1;0;0;0;0;0;0;
Castle of Glass;Linkin Park;0;0;0;0;0;1;0;
Shadow of the Day;Linkin Park;0;0;0;0;0;0;2;
Heavy;Linkin Park feat. Kiiara;0;0;0;0;0;1;0;
Funkytown;Lipps Inc.;0;0;0;0;0;1;0;
Narcotic;Liquido;0;0;0;0;0;0;1;
Boring;Lisa Pac;2;3;2;3;1;2;2;
Cool;Lisa Pac;1;0;0;0;1;1;0;
Helium;Lisa Pac;0;0;1;0;0;0;0;
Macarena;Los Del Rio;0;0;0;0;0;1;0;
Acting Strange;Lost;0;0;0;0;0;1;0;
Are You with Me;Lost Frequencies;0;0;2;0;0;0;0;
Reality;Lost Frequencies feat. Janieck Devy;1;1;0;1;0;0;0;
Love To Go;Lost Frequencies, Zonderling & Kelvin Jones;0;0;0;0;1;0;0;
When The Lights Go Out;Lou Asril & Avec;1;0;0;0;1;0;0;
Body;Loud Luxury feat. Brando;0;1;0;0;0;0;0;
Despacito;Luis Fonsi feat. Daddy Yankee;0;0;1;0;1;0;0;
Coming Home;Luke Andrews;0;1;0;0;1;0;0;
Vergiss mich;Luttenberger Klug;0;0;0;0;1;0;0;
Don't Call Me Up;Mabel;0;0;0;0;1;0;0;
Can't Hold Us;Macklemore & Ryan Lewis;0;0;0;0;0;0;2;
And We Danced;Macklemore feat. Ziggy Stardust;0;2;0;0;0;2;0;
Glow;Madcon;0;0;0;0;1;0;0;
American Pie;Madonna;0;1;0;0;0;0;0;
La isla bonita;Madonna;0;0;0;1;0;0;0;
Everytime We Touch;Maggie Reilly;0;1;0;0;0;0;0;
Rude;Magic!;0;0;2;0;0;0;0;
Blinded by the Light;Manfred Mann's Earth Band;0;0;0;0;1;0;0;
Chöre;Mark Forster;1;0;0;1;1;1;0;
194 Länder;Mark Forster;0;0;0;0;2;0;0;
Drei Uhr Nachts;Mark Forster feat. LEA;1;0;1;2;1;0;0;
Au revoir;Mark Forster feat. Sido;0;0;1;0;0;0;0;
Valerie;Mark Ronson / Amy Winehouse;0;0;0;0;0;1;0;
Uptown Funk;Mark Ronson feat. Bruno Mars;0;0;0;1;0;0;2;
Memories;Maroon 5;1;2;1;0;1;1;1;
This Love;Maroon 5;0;0;2;0;0;0;0;
Daylight;Maroon 5;0;0;0;1;0;0;0;
Payphone;Maroon 5 / Wiz Khalifa;0;0;0;1;1;0;0;
Girls like You;Maroon 5 feat. Cardi B;0;0;0;0;1;0;0;
Moves like Jagger;Maroon 5 feat. Christina Aguilera;0;1;0;0;0;1;0;
One to Make Her Happy;Marque;0;0;0;1;0;0;0;
Electronic Lady;Marque;0;0;0;0;0;1;0;
Friends;Marshmello & Anne-Marie;1;0;2;0;0;0;0;
Used to Love;Martin Garrix feat. Dean Lewis;0;1;0;1;0;0;0;
Running Back to You;Martin Jensen x Alle Farben & Nico Santos;0;0;1;0;0;0;0;
Hello;Martin Solveig / Dragonette;0;0;0;0;2;0;0;
Family Affair;Mary J. Blige;0;0;1;0;0;1;0;
Astronaut in the Ocean;Masked Wolf;0;0;0;1;0;0;0;
Jerusalema;Master KG ft. Nomcebo Zikode;0;2;1;2;1;2;0;
Mehr gschmust;Matakustix;0;1;0;0;0;0;0;
Chaos;Mathea;0;0;0;0;1;0;0;
2X;Mathea;0;0;0;0;0;1;0;
Wach;Mathea;0;0;0;0;0;0;1;
Big City Life;Mattafix;0;0;0;0;0;1;0;
I'd Do Anything for Love;Meat Loaf;0;0;0;0;0;1;1;
Paradise;Meduza & Dermot Kennedy;3;2;2;3;3;2;2;
Lips Are Movin;Meghan Trainor;0;2;0;0;0;0;0;
Monday Morning;Melanie Fiona;1;0;0;0;0;1;0;
Bring Me Some Water;Melissa Etheridge;0;0;0;1;0;0;0;
Boys Tears;Mella Casata;2;2;0;1;0;2;3;
Bitch;Meredith Brooks;0;0;0;0;1;0;0;
Nothing Else Matters;Metallica;0;0;1;0;0;0;1;
Whiskey in the Jar;Metallica;0;0;0;0;0;0;1;
It's a Beautiful Day;Michael Bublé;2;0;0;0;2;1;0;
Billie Jean;Michael Jackson;0;1;0;0;0;0;0;
Black or White;Michael Jackson;0;2;0;0;0;0;0;
Will You Be There;Michael Jackson;0;1;0;0;0;0;0;
Beat It;Michael Jackson;0;0;1;0;0;0;0;
They Don't Care About Us;Michael Jackson;0;0;1;0;0;0;1;
Earth Song;Michael Jackson;0;0;0;0;1;0;0;
Heal the World;Michael Jackson;0;0;0;0;1;0;0;
Thriller;Michael Jackson;0;0;0;0;0;1;0;
Smooth Criminal;Michael Jackson;0;0;0;0;0;0;1;
Beautiful Madness;Michael Patrick Kelly;0;0;0;0;0;0;1;
Breathe;Midge Ure;0;0;1;0;0;0;0;
If I Was;Midge Ure;0;0;0;1;0;0;0;
Beds Are Burning;Midnight Oil;0;1;0;0;0;0;0;
Moonlight Shadow;Mike Oldfield / Maggie Reilly;0;0;0;0;0;1;0;
The Other Side;Mike Vallas;0;0;0;1;0;0;0;
Midnight Sky;Miley Cyrus;3;2;0;2;3;2;2;
Jolene;Miley Cyrus;0;2;0;0;0;0;1;
Wrecking Ball;Miley Cyrus;0;0;0;1;0;0;0;
Angels Like You;Miley Cyrus;0;0;0;1;1;1;0;
Midnight Sky (Edge Of Midnight);Miley Cyrus ft. Stevie Nicks;0;0;0;0;0;0;1;
Whatever It Takes;Milow;2;0;1;1;2;2;0;
ASAP;Milow;1;1;0;1;0;0;0;
Send Me Roses;Mo;0;0;0;1;0;0;0;
No Remedy;Moss feat. Zoë;0;0;0;0;1;0;0;
Venus;Mount & Emdey;0;0;0;0;1;0;0;
Wild World;Mr. Big;1;0;0;0;0;1;0;
Kyrie;Mr. Mister;0;0;0;0;0;2;0;
Waves;Mr. Probz;0;2;0;0;1;0;0;
I Will Wait;Mumford & Sons;0;0;0;0;0;1;0;
Skyline;Möwe;0;0;0;0;1;0;0;
Lovers Friends;Möwe & Daniel Nitt;0;1;0;1;0;0;0;
Talk to Me (Sam Feldt Edit);Möwe Feat. Conor Maynard & RANI;0;0;0;0;0;1;0;
Can't Stop (Tu Ru Tu);Möwe feat. 3Angle & Norah B.;0;0;0;0;1;0;0;
Down by the River;Möwe feat. Emy Perez;0;0;1;0;0;1;1;
These Boots Are Made for Walkin';Nancy Sinatra;0;1;0;0;0;0;0;
Torn;Natalie Imbruglia;1;0;0;0;0;0;0;
Wellerman (Remix);Nathan Evans, 220 Kid & Billen Ted;3;2;4;4;2;3;3;
Legacy;Nathan Trent;0;0;2;0;1;0;0;
This Flight Tonight;Nazareth;0;1;0;0;0;0;0;
Laura non c'è;Nek;0;0;0;1;0;0;0;
I'm like a Bird;Nelly Furtado;0;0;1;0;0;0;0;
Say It Right;Nelly Furtado;0;0;0;0;0;1;0;
I Promised Myself;Nick Kamen;0;2;0;0;1;1;1;
Somebody like You;Nick Le Funk & AJ Jordan;0;0;0;0;0;1;0;
What Are You Waiting for?;Nickelback;1;0;0;0;1;1;0;
Rockstar;Nickelback;0;0;0;1;0;0;0;
Trying Not to Love You;Nickelback;0;0;0;1;0;0;0;
Song on Fire;Nickelback;0;0;0;1;0;0;0;
How You Remind Me;Nickelback;0;0;0;0;0;1;0;
If Today Was Your Last Day;Nickelback;0;0;0;0;0;1;0;
That's How You Know;Nico & Vinz feat. Kid Ink & Bebe Rexha;0;2;0;0;1;0;1;
Safe;Nico Santos;1;2;0;1;0;1;0;
Like I Love You;Nico Santos & Topic;0;1;2;1;2;2;1;
The Riddle;Nik Kershaw;0;0;0;1;0;0;0;
Come as You Are;Nirvana;1;0;0;0;1;0;0;
Sunrise;Norah Jones;0;0;0;0;1;0;0;
Heaven Is a Halfpipe;OPM;0;0;0;0;0;1;0;
Wonderwall;Oasis;0;0;0;0;0;1;0;
Head Shoulders Knees & Toes;Ofenbach & Quarterhead  feat. Norma Jean Martine;1;1;3;2;0;2;0;
Wasted Love;Ofenbach feat. Lagique;0;0;0;1;0;0;0;
Deja Vu;Olivia Rodrigo;0;0;0;1;0;0;0;
Drivers License;Olivia Rodrigo;0;0;0;1;0;0;1;
Dear Darlin';Olly Murs;0;0;1;0;0;0;0;
Steal My Girl;One Direction;1;0;0;0;0;2;0;
Story of My Life;One Direction;0;0;0;0;0;0;1;
Something I Need;OneRepublic;1;0;0;0;0;0;0;
Rescue Me;OneRepublic;1;0;0;0;0;0;0;
Stop and Stare;OneRepublic;1;0;0;0;0;0;0;
Love Runs Out;OneRepublic;0;0;1;0;0;0;0;
Counting Stars;OneRepublic;0;0;0;1;0;1;0;
Run;OneRepublic;0;0;0;0;1;0;0;
Like 16;Onk Lou;2;4;2;2;3;4;3;
Flyin' High;Opus;0;0;0;0;1;0;0;
Live Is Life;Opus;0;0;0;0;0;1;0;
Flyin' High (Live);Opus feat. Falco;0;1;0;0;0;0;0;
Walking on the Milky Way;Orchestral Manoeuvres in the Dark;0;0;1;0;0;0;0;
Maid of Orleans;Orchestral Manoeuvres in the Dark;0;0;0;1;0;0;0;
Love You've Lost;Oska;0;1;0;0;0;0;0;
Somebody;Oska;0;0;1;0;0;0;0;
Lousy T-Shirt;Oska;0;0;0;1;1;2;1;
Feuer;Ostbahn-Kurti &  Die Chefpartie;0;0;1;0;0;0;0;
57er Chevy;Ostbahn-Kurti & Die Chefpartie;0;1;0;0;0;0;0;
I hea di klopfen;Ostbahn-Kurti & Die Chefpartie;0;0;0;1;0;0;0;
Fireflies;Owl City;0;0;0;1;0;0;0;
Want Me Not To Want You;Paenda;0;1;0;0;0;0;0;
High Hopes;Panic! At The Disco;0;0;1;0;0;1;0;
Lucy's Eyes;Papermoon;0;0;0;1;0;0;0;
Brass Devil;Parov Stelar;0;0;0;0;0;1;1;
The Sun;Parov Stelar feat. Graham Candy;0;0;0;0;0;0;1;
Don't You Forget;Parov Stelar ft. Lilja Bloom & Anduze;0;0;0;0;1;0;0;
Let Her Go (Live);Passenger;0;0;1;0;0;0;0;
Let Her Go;Passenger;0;0;0;0;2;0;0;
Love Is a Battlefield;Pat Benatar;0;1;0;0;0;0;0;
We Belong;Pat Benatar;0;0;0;0;1;0;0;
She's like the Wind;Patrick Swayze;0;0;0;0;0;1;0;
Calma (Alan Walker Remix);Pedro Capo & Farruko;1;2;1;2;1;2;2;
Go West;Pet Shop Boys;0;1;0;0;0;0;0;
Reif für die Insel;Peter Cornelius;1;0;1;0;0;0;0;
Segel im Wind;Peter Cornelius;0;0;0;0;1;1;0;
Du entschuldige i kenn di;Peter Cornelius;0;0;0;0;0;0;1;
California;Phantom Planet;0;0;0;0;0;0;1;
Happy;Pharrell Williams;0;1;0;1;0;2;0;
In the Air Tonight;Phil Collins;0;0;1;0;0;0;0;
You'll Be in My Heart;Phil Collins;0;0;0;0;0;0;1;
Blow Me (One Last Kiss);Pink;1;0;0;0;0;0;1;
Raise Your Glass;Pink;1;0;0;0;0;0;0;
Walk Me Home;Pink;0;1;1;1;0;1;0;
A Million Dreams;Pink;0;0;1;0;0;0;0;
A Million Dreams (WEK Edit);Pink;0;0;0;0;1;0;0;
U + Ur Hand;Pink;0;0;0;0;1;0;0;
Just like a Pill;Pink;0;0;0;0;0;0;1;
Cover Me in Sunshine;Pink & Willow Sage Hart;3;2;2;4;3;2;2;
Just Give Me a Reason;Pink / Nate Ruess;0;0;0;0;0;1;0;
Can We Pretend;Pink feat. Cash Cash;0;1;1;0;1;0;1;
Back in Time;Pitbull;1;0;0;0;2;0;0;
Feel This Moment;Pitbull / Christina Aguilera;0;2;0;0;0;0;2;
Timber;Pitbull feat. Ke$ha;0;1;0;0;0;0;2;
Give Me Everything;Pitbull feat. Ne-Yo, Afrojack & Nayer;0;0;0;1;0;0;0;
wer, wenn net du;Pizzera & Jaus;2;2;3;4;2;2;2;
Hooligans;Pizzera & Jaus;0;0;1;0;0;0;0;
liebe zum mitnehmen;Pizzera & Jaus;0;0;0;0;1;0;0;
Unerhört solide;Pizzera & Jaus;0;0;0;0;1;0;0;
Kaleidoskop;Pizzera & Jaus;0;0;0;0;0;1;0;
fremdgehn;Pizzera & Jaus;0;0;0;0;0;0;1;
Mama;Pizzera & Jaus;0;0;0;0;0;0;1;
Hold;Poptracker feat. Ariana;0;0;0;0;1;0;0;
Won't Let You Go;Poptracker feat. Nathan Trent;1;0;0;0;0;0;1;
Circles;Post Malone;1;1;0;0;0;0;0;
Only Wanna Be With You;Post Malone;1;1;2;0;0;2;1;
Purple Rain;Prince;0;0;0;1;0;0;0;
Kiss;Prince;0;0;0;0;0;0;1;
Hypnotized;Purple Disco Machine & Sophie and the Giants;1;3;2;2;1;2;2;
Fireworks;Purple Disco Machine feat. Moss Kena & The Knocks;2;2;1;1;1;1;1;
The Show Must Go On;Queen;0;1;0;0;0;0;0;
Don't Stop Me Now;Queen;0;1;0;0;0;0;0;
One Vision;Queen;0;0;1;0;0;0;0;
Crazy Little Thing Called Love;Queen;0;0;0;1;0;0;0;
I Want It All;Queen;0;0;0;1;0;0;0;
Another One Bites the Dust;Queen;0;0;0;0;1;0;0;
Bohemian Rhapsody;Queen;0;0;0;0;0;1;1;
I Want to Break Free;Queen;0;0;0;0;0;0;1;
Under Pressure;Queen / David Bowie;0;1;0;0;0;0;0;
Locked Away;R. City feat. Adam Levine;0;0;0;2;0;0;0;
Everybody Hurts;R.E.M.;0;1;0;0;0;0;0;
Shiny Happy People;R.E.M.;0;0;1;0;0;0;0;
Man on the Moon;R.E.M.;0;0;0;1;0;0;0;
Moonlight;RIAN;1;0;1;1;1;1;0;
Fight Song;Rachel Platten;1;0;1;0;0;0;0;
All You Ever Wanted;Rag'n'Bone Man;2;1;3;2;0;2;3;
Anywhere Away from Here;Rag'n'Bone Man & Pink;0;0;1;0;0;1;1;
I Am from Austria;Rainhard Fendrich;0;1;0;0;0;0;0;
Blond;Rainhard Fendrich;0;0;0;1;0;0;0;
Strada del Sole;Rainhard Fendrich;0;0;0;0;0;1;0;
Schickeria;Rainhard Fendrich;0;0;0;0;0;0;1;
Weus'd a Herz hast wia a Bergwerk;Rainhard Fendrich;0;0;0;0;0;0;1;
Talk to Your Body;Rea Garvey;1;0;1;0;0;2;0;
Let's Be Lovers Tonight (Deepend Remix);Rea Garvey;0;0;0;0;0;1;0;
The One;Rea Garvey & VIZE;3;3;2;4;3;3;2;
Supergirl;Reamonn;0;0;0;1;0;0;0;
Can't Stop;Red Hot Chili Peppers;1;0;0;0;0;0;0;
Under the Bridge;Red Hot Chili Peppers;0;0;1;0;0;0;0;
Snow (Hey Oh);Red Hot Chili Peppers;0;0;0;1;0;0;0;
Californication;Red Hot Chili Peppers;0;0;0;1;0;2;0;
Ride it;Regard;0;0;0;1;0;0;0;
Diamonds;Rihanna;1;0;0;0;0;0;0;
Only Girl (In the World);Rihanna;1;0;0;0;1;0;0;
Diamonds (Live);Rihanna;0;0;0;0;1;0;0;
We Found Love;Rihanna / Calvin Harris;0;0;1;0;0;0;0;
FourFiveSeconds;Rihanna and Kanye West and Paul McCartney;0;0;0;1;0;0;0;
Umbrella;Rihanna feat. Jay-Z;1;0;0;0;0;0;0;
Friday (Dopamine Re-Edit);Riton x Nightcrawlers ft. Mufasa & Hypeman;0;0;0;1;0;0;0;
Only to Be with You;Roachford;0;0;0;1;0;0;0;
Love My Life;Robbie Williams;2;0;0;0;1;0;0;
Angels;Robbie Williams;1;0;0;0;0;0;1;
Let Me Entertain You;Robbie Williams;0;0;2;0;0;0;0;
Supreme (Live);Robbie Williams;0;0;0;1;0;0;0;
Supreme;Robbie Williams;0;0;0;0;1;0;0;
Feel;Robbie Williams;0;0;0;0;0;2;0;
Children;Robert Miles;0;0;0;0;0;0;1;
Johnny and Mary;Robert Palmer;0;0;0;0;1;0;0;
Guitar and a Heartbeat;Robin Resch;0;0;0;0;0;1;0;
One More Time;Robin Schulz & Felix Jaehn ft. Alida;3;1;3;2;2;1;2;
Unforgettable;Robin Schulz & Marc Scibilia;0;1;0;1;1;0;1;
In Your Eyes;Robin Schulz feat. Alida;1;1;2;0;2;1;0;
All We Got;Robin Schulz feat. Kiddo;0;2;1;2;0;2;1;
Baby Jane;Rod Stewart;0;0;0;0;0;1;0;
When You Say Nothing at All;Ronan Keating;0;0;0;0;1;0;0;
Listen to Your Heart;Roxette;1;0;0;0;0;0;0;
How Do You Do!;Roxette;0;2;0;0;0;0;0;
Dangerous;Roxette;0;0;1;0;0;0;0;
Joyride;Roxette;0;0;1;0;0;0;0;
Joyride (Unplugged);Roxette;0;0;0;1;0;0;0;
Sleeping in My Car;Roxette;0;0;0;0;2;0;0;
It Must Have Been Love;Roxette;0;0;0;0;1;0;1;
The Look;Roxette;0;0;0;0;0;1;0;
These Days;Rudimental feat. Jess Glynne, Macklemore;1;0;0;0;0;0;0;
These Days (Live at Abbey Road Studios);Rudimental feat. Jess Glynne, Macklemore & Dan Ca;0;0;0;0;0;1;0;
Da kummt die Sunn;STS;1;0;0;0;0;0;0;
Fürstenfeld;STS;1;0;0;1;0;0;0;
Gö, du bleibst heut Nacht bei mir;STS;0;0;1;0;0;0;0;
Kalt und kälter;STS;0;0;0;0;1;0;0;
Großvater;STS;0;0;0;0;0;2;0;
Stay with Me;Sam Smith;0;0;0;0;0;0;1;
Lucky Day;Sasha;0;0;0;1;0;0;0;
Wind of Change;Scorpions;0;0;0;0;0;1;0;
Ticket;Seeed;0;0;0;1;0;0;0;
Herr Inspektor;Seiler und Speer;1;2;1;2;0;1;0;
Principessa;Seiler und Speer;0;1;0;1;2;1;0;
Ham kummst;Seiler und Speer;0;0;0;1;0;0;1;
Ala bin;Seiler und Speer;0;0;0;0;2;1;0;
Angel;Shaggy feat. Rayvon;1;0;0;0;0;0;0;
Whenever Wherever;Shakira;0;0;0;1;0;0;0;
Loca;Shakira / Dizzee Rascal;0;0;1;0;0;0;0;
Waka Waka (This Time for Africa);Shakira / Freshlyground;1;0;0;0;0;0;0;
Hips Don't Lie;Shakira / Wyclef Jean;0;0;0;0;0;0;2;
Ka-Ching!;Shania Twain;0;0;1;0;0;0;0;
That Don't Impress Me Much;Shania Twain;0;0;0;1;0;0;0;
Nervous;Shawn Mendes;2;0;1;0;0;0;2;
There's Nothing Holding Me Back;Shawn Mendes;1;1;1;0;0;0;0;
Treat You Better;Shawn Mendes;0;0;0;1;0;1;1;
Wonder;Shawn Mendes;0;0;0;0;0;1;1;
Señorita;Shawn Mendes & Camila Cabello;1;2;1;1;3;1;1;
Geronimo;Sheppard;0;1;0;0;0;0;0;
Never Give Up;Sia;1;0;1;0;0;1;0;
Together;Sia;0;1;3;1;1;1;1;
Cheap Thrills;Sia & Sean Paul;0;0;1;0;2;0;0;
Tausend Tattoos;Sido;0;0;1;0;0;0;0;
Sweet  Lovin';Sigala feat. Bryn Christopher;0;1;0;0;0;0;0;
Nobody to Love;Sigma;1;0;1;0;0;2;0;
Das Beste;Silbermond;0;0;0;1;0;0;0;
Homeward Bound;Simon & Garfunkel;0;1;0;0;0;0;0;
All I Am;Simon Lewis;0;1;2;0;1;1;0;
Hey Jessy;Simon Lewis;0;0;1;0;1;0;0;
Home 2.0;Simon Lewis feat. Onk Lou;1;0;0;0;0;0;0;
Don't You (Forget About Me);Simple Minds;0;0;0;0;0;0;2;
Nothing Compares 2 U;Sinéad O'Connor;0;0;1;0;0;0;0;
Kiss Me;Sixpence None The Richer;0;1;0;0;0;2;0;
Kabinenparty;Skero / Joyce Muniz;0;0;0;0;0;0;1;
Hedonism;Skunk Anansie;1;0;0;0;0;0;0;
All Star;Smash Mouth;0;0;1;0;0;0;0;
Rhythm Is a Dancer;Snap!;0;0;0;0;0;1;0;
Chasing Cars;Snow Patrol;0;0;0;1;0;0;0;
Tainted Love;Soft Cell;0;0;0;0;0;1;0;
Runaway Train;Soul Asylum;0;1;0;0;0;0;0;
The Way to Your Heart;Soulsister;0;0;0;2;0;0;0;
Wannabe;Spice Girls;0;0;0;0;1;1;0;
Mama;Spice Girls;0;0;0;0;0;0;1;
Two Princes;Spin Doctors;0;0;0;0;0;0;2;
Das Geschenk;Sportfreunde Stiller;1;0;0;0;0;0;1;
Ein Kompliment;Sportfreunde Stiller;0;0;0;1;0;0;0;
We Built This City;Starship;2;0;0;0;0;0;0;
Nothing's Gonna Stop Us Now;Starship;0;1;0;0;0;1;0;
Shout It Out;Steaming Satellites;0;0;0;0;0;1;0;
Shadows;Stefanie Heinzmann;1;0;0;0;0;1;0;
Stoak wie a Felsen;Stefanie Werger;0;0;0;0;0;1;0;
Englishman in New York;Sting;0;0;0;0;1;0;0;
Englishman in New York (Live);Sting / Royal Philharmonic Concert Orchestra;0;0;0;0;1;0;0;
About You Now;Sugababes;1;0;0;0;0;2;0;
Thank You for Everything;Sunrise Avenue;1;0;0;0;0;0;0;
Lifesaver;Sunrise Avenue;1;0;0;0;0;0;0;
I Don't Dance;Sunrise Avenue;0;1;0;0;0;0;0;
Heartbreak Century;Sunrise Avenue;0;1;0;0;1;1;2;
Dreamer;Sunrise Avenue;0;1;0;0;0;0;0;
I Help You Hate Me;Sunrise Avenue;0;0;0;2;0;1;0;
Nothing Is Over;Sunrise Avenue;0;0;0;0;1;0;0;
Following the Sun;Super-Hi feat. Neeka;0;0;0;1;0;1;1;
Burning Heart;Survivor;1;0;0;0;0;0;0;
Eye of the Tiger;Survivor;0;1;1;0;0;0;0;
Luka;Suzanne Vega;0;0;1;0;0;0;0;
Don't You Worry Child;Swedish House Mafia / John Martin;0;0;0;2;0;0;1;
Brücken zum Mond;Tagträumer;2;0;0;0;0;1;0;
Sinn;Tagträumer;0;1;0;0;0;0;0;
Tagträumen;Tagträumer;0;0;2;0;0;0;0;
Break Your Heart;Taio Cruz;1;0;0;0;2;0;0;
Dynamite;Taio Cruz;0;2;0;0;0;2;0;
World in Our Hands;Taio Cruz;0;0;1;0;0;0;0;
Hangover;Taio Cruz / Flo Rida;0;0;0;1;0;0;1;
She's so High;Tal Bachman;0;0;0;0;0;0;1;
She's So High;Tal Bachman;0;0;0;0;0;0;1;
Burning down the House;Talking Heads;0;1;0;0;0;0;0;
You Broke Me First;Tate McRae;3;2;3;3;2;3;1;
Wildest Dreams;Taylor Swift;1;0;1;0;1;0;0;
Shake It Off;Taylor Swift;1;2;0;0;0;1;0;
Blank Space;Taylor Swift;0;0;1;0;0;0;0;
I Knew You Were Trouble;Taylor Swift;0;0;0;2;0;0;0;
Love Story (Taylor's Version);Taylor Swift;0;0;0;0;0;1;0;
Style;Taylor Swift;0;0;0;0;0;0;1;
Summer Son;Texas;1;0;0;0;1;0;0;
Aquarius / Let the Sunshine in;The 5th Dimension;0;1;0;0;0;0;0;
Gives You Hell;The All-American Rejects;0;0;0;0;0;1;0;
Where Is the Love?;The Black Eyed Peas;0;0;1;0;0;0;0;
Let's Get It Started;The Black Eyed Peas;0;0;0;2;0;0;0;
Do It;The BossHoss;1;0;0;0;0;0;0;
Little Help;The BossHoss feat. Mimi & Josy;1;2;1;3;1;2;0;
Jolene;The BossHoss feat. The Common Linnets;1;0;0;0;0;1;0;
Something Just like This;The Chainsmokers & Coldplay;0;0;1;0;0;1;1;
'74-'75;The Connells;1;0;0;0;0;0;0;
Zombie;The Cranberries;0;0;0;0;0;0;1;
Dreams;The Cranberries;0;0;0;0;0;0;1;
Boys Don't Cry;The Cure;0;1;0;0;0;0;0;
Bohemian like You;The Dandy Warhols;1;0;0;0;0;0;0;
Without You;The Kid Laroi;3;3;2;3;2;4;2;
Mama Loo;The Les Humphries Singers;0;0;0;0;0;0;1;
The Lovercall;The Makemakes;0;1;0;0;0;0;0;
Once in a Lifetime;The Night Game;0;0;1;0;0;0;0;
Self Esteem;The Offspring;0;0;0;0;0;0;1;
Don't Stand so Close to Me;The Police;0;1;0;0;0;0;0;
I'll Stand by You;The Pretenders;0;1;0;0;0;1;0;
I'm Gonna Be (500 Miles);The Proclaimers;0;0;0;0;0;0;2;
In the Shadows;The Rasmus;2;0;0;0;0;0;0;
I'll Be There for You;The Rembrandts;1;0;0;0;1;0;0;
Start Me Up (Live);The Rolling Stones;0;1;0;0;0;0;0;
Waiting on a Friend;The Rolling Stones;0;1;0;0;0;0;0;
Start Me Up;The Rolling Stones;0;0;0;0;0;1;0;
Spirits;The Strumbellas;2;0;0;2;0;0;0;
Bitter Sweet Symphony;The Verve;0;1;0;0;0;0;0;
Save Your Tears;The Weeknd;2;3;3;3;1;3;3;
Blinding Lights;The Weeknd;2;0;1;3;1;1;2;
Groovin';The Young Rascals;0;1;0;0;0;0;0;
Walk on Water;Thirty Seconds To Mars;0;2;0;1;0;2;0;
Closer to the Edge;Thirty Seconds To Mars;0;0;1;0;0;0;1;
Sit on Top;Thomas David;0;0;0;0;0;1;0;
Swingset;Thorsteinn Einarsson;0;1;0;0;0;0;0;
Galaxy;Thorsteinn Einarsson;0;0;1;0;0;0;0;
Kryptonite;Thorsteinn Einarsson;0;0;0;0;1;0;0;
The Business;Tiesto;0;0;0;1;0;0;0;
Hoch;Tim Bendzko;0;0;1;0;0;0;0;
Gecrasht;Tina Naderer;0;1;0;0;0;0;0;
Bleibst du bei mir;Tina Naderer;0;0;0;0;1;0;0;
The Best;Tina Turner;0;0;2;0;0;0;0;
What's Love Got to Do with It;Tina Turner;0;0;1;0;0;0;0;
Tonight;Tina Turner / David Bowie;0;0;0;0;0;1;0;
Rather Be You;Tom Gregory;1;0;2;0;1;1;1;
River;Tom Gregory;2;3;1;1;3;1;1;
Small Steps;Tom Gregory;0;0;0;1;0;1;0;
Fingertips;Tom Gregory;0;0;0;0;1;0;0;
If I Only Knew;Tom Jones;0;1;0;0;0;0;0;
No Hole in my Head;Tom Jones;0;1;0;0;0;0;0;
Mama Told Me Not to Come;Tom Jones / Stereophonics;0;0;0;0;0;0;1;
I Won't Back Down;Tom Petty;0;1;0;0;0;0;0;
Learning to Fly (Live);Tom Petty & The Heartbreakers;0;0;0;0;1;0;0;
Leave a Light On;Tom Walker;0;1;0;0;0;0;0;
Dance Monkey;Tones And I;0;0;1;0;0;1;0;
Breaking Me;Topic feat. A7S;3;0;1;1;1;1;2;
Dancing in the Moonlight;Toploader;1;0;0;0;0;0;0;
Insieme 1992;Toto Cutugno;0;0;0;0;0;0;1;
Talkin' Bout a Revolution;Tracy Chapman;0;1;0;0;0;0;0;
Play That Song;Train;1;1;0;0;0;0;0;
Drive by;Train;0;1;1;0;0;0;0;
Drops of Jupiter (Tell Me);Train;0;0;0;0;2;0;0;
Lovefool;Twocolors;2;2;0;2;1;1;2;
I Still Haven't Found What I'm Looking for (Live);U2;0;1;0;0;0;0;0;
One;U2;0;1;0;0;0;0;0;
I Still Haven't Found What I'm Looking for;U2;0;0;2;0;0;0;0;
With or Without You;U2;0;0;0;0;2;0;0;
Where the Streets Have No Name;U2;0;0;0;0;0;0;1;
Follow Me;Uncle Kracker;0;0;0;0;1;0;0;
Break My Stride;Unique 2;0;0;1;0;1;0;0;
Never Let Me Down;VIZE & Tom Gregory;0;0;1;2;0;0;0;
Jump;Van Halen;1;0;0;0;0;1;0;
Why Can't This Be Love;Van Halen;0;0;0;0;0;1;0;
Riptide;Vance Joy;1;0;0;0;0;0;0;
Absolutely Everybody;Vanessa Amorosi;0;0;0;0;0;1;0;
A Thousand Miles;Vanessa Carlton;0;0;0;1;0;0;0;
Y.M.C.A.;Village People;0;0;1;0;0;0;0;
Summer Wine;Ville Valo / Natalia Avelon;0;0;1;0;0;0;0;
Amen;Vincent Bueno;1;0;0;0;2;1;1;
Not a Love Song;Virginia Ernst;1;0;0;0;0;0;0;
Soldier;Virginia Ernst;0;0;0;1;0;0;0;
Fallen;Volbeat;1;0;0;0;0;0;0;
Lola Montez;Volbeat;0;0;0;0;0;0;1;
Still Counting;Volbeat;0;0;0;0;0;0;1;
Shut up + Dance;Walk the Moon;1;1;0;1;0;2;0;
Weiter, weiter;Wanda;0;1;0;0;0;0;1;
Ciao Baby;Wanda;0;0;0;1;0;0;0;
Columbo;Wanda;0;0;0;0;2;0;0;
Nach Hause gehen;Wanda;0;0;0;0;0;1;0;
Save Me From the Monster in My Head;Welshly Arms;0;1;1;0;0;0;0;
Sternenhimmel;Weltwiener;0;0;0;0;1;0;0;
Ohne Angst (Urban Contact Remix);Wenzel Beck;0;1;1;1;2;1;2;
Freedom;Wham!;0;1;0;0;0;0;0;
Teenage Dirtbag;Wheatus;0;0;0;0;0;0;1;
Here I Go Again;Whitesnake;1;0;1;0;0;0;0;
Muttertag;Wiener Wunder;0;0;0;0;0;0;1;
Ice Cream;Wild Culture;0;0;0;0;0;1;0;
Men in Black;Will Smith;0;0;0;0;0;0;1;
Musik sein;Wincent Weiss;0;2;0;0;0;0;0;
See You Again;Wiz Khalifa feat. Charlie Puth;0;0;0;0;1;0;0;
Langsam wochs' ma z'amm;Wolfgang Ambros;1;0;0;0;0;0;0;
Zwickt's mi;Wolfgang Ambros;0;0;1;0;0;1;0;
Du verstehst mi ned;Wolfgang Ambros;0;0;0;0;1;0;0;
Renegades;X Ambassadors;1;0;0;0;0;0;0;
The Race;Yello;0;1;0;0;0;0;0;
Your Favourite Song;YouNotUs & Julian Perretta;0;0;0;0;1;0;0;
Chucks;YouNotUs & Mi Casa;1;0;1;1;0;0;1;
Lush Life;Zara Larsson;2;0;1;0;0;1;0;
Dusk Till Dawn;Zayn feat. Sia;0;2;0;0;1;0;1;
Girls like Us;Zoe Wees;2;3;3;5;3;2;2;
Control;Zoe Wees;2;0;1;1;1;0;0;
Mon coeur a trop aimé;Zoë;0;0;0;1;0;0;0;
Amour Fou (Whistle Remix);Zoë;0;0;0;0;1;0;0;
Baila (Sexy Thing);Zucchero;0;0;0;0;2;0;0;
Senza una donna;Zucchero / Paul Young;0;1;0;0;0;0;0;
Ohne dich kann das kein Sommer sein;Zweikanalton;0;0;0;0;1;0;0;
Take on Me;a-ha;0;1;0;0;0;1;0;
Take on Me (Live);a-ha;0;0;0;0;0;1;0;
Take on Me (Kygo Remix);a-ha;0;0;0;0;0;0;1;
All the Things She Said;t.A.T.u.;0;0;1;0;0;0;0;
